,x,y
0,15,1.0
1,16,0.31661963074512145
2,46,0.42396139445795256
3,44,0.4454832225846721
4,27,-0.01767457019272065
5,24,-0.19817407472477566
6,28,-0.2850589763776139
7,19,-0.34963787576371114
8,25,-0.1940326874379269
9,20,-0.4551624235230559
10,39,-0.16983017130425646
11,38,0.01962581600416952
12,29,0.09026515954636573
13,9,-0.14443484306837032
14,30,0.10106056153350174
15,23,0.08853399924063057
16,22,0.05465417612199425
17,1,0.0662235505173159
18,10,-0.16379951061827672
19,26,-0.017703410278164456
20,11,-0.04265324413565914
21,3,-0.03053361369095082
22,12,-0.05208147014236617
23,0,-0.008603598284333273
24,32,0.08535879988801062
25,13,0.1136768629639751
26,4,-0.02304468965075824
27,40,-0.0035356501968263915
28,18,-0.267547961577073
29,7,-0.21393558320700368
30,14,-0.21132787087863392
31,31,-0.18810537327819574
32,2,0.3659429376337584
33,17,-0.2284291397857373
34,5,0.3094654876164388
35,41,0.07606417506178217
36,42,-0.2142251931100152
37,43,-0.16265111070231894
38,33,-0.07490785261110251
39,34,0.04186119081490877
40,45,-0.31693909514617885
41,35,-0.12642290495198502
42,8,-0.06461754516045325
43,6,0.1240973827843242
44,36,-0.008882137481602492
45,37,-0.12078419249936745
46,21,0.027911550443944742
47,15,0.31661963074512145
48,16,1.0
49,46,0.526914212482781
50,44,0.6031822638720747
51,27,-0.1824320244128121
52,24,-0.10334713990973987
53,28,-0.239883671866307
54,19,-0.3895639461383977
55,25,-0.20173354334556745
56,20,-0.3951219198483501
57,39,-0.2173141041274356
58,38,0.06805851332473642
59,29,-0.14991191093773826
60,9,-0.04769253578826622
61,30,0.057495192302492185
62,23,0.05151204436752066
63,22,-0.025690154989574804
64,1,-0.19889812163058992
65,10,-0.08956791635002995
66,26,-0.2319980634177197
67,11,0.06754296205329817
68,3,-0.08143322694469755
69,12,-0.2003633809991449
70,0,0.07996928082413296
71,32,-0.2693296231388661
72,13,0.10619741803315584
73,4,0.08381105171899965
74,40,-0.09731491852391573
75,18,-0.17537931292291878
76,7,-0.10472866102539913
77,14,-0.08044030280476441
78,31,-0.18553665327419602
79,2,-0.28696272823033125
80,17,-0.31575634953284043
81,5,0.4267694001538519
82,41,0.33573668034160004
83,42,-0.0691541308742114
84,43,0.019511199217450075
85,33,-0.0774471201262808
86,34,-0.0637284081869456
87,45,0.08889262811793912
88,35,-0.09360103151497938
89,8,-0.09987701903507372
90,6,0.09600612164790699
91,36,-0.14240970466874722
92,37,0.006737917645855026
93,21,-0.15271747247180847
94,15,0.42396139445795256
95,16,0.526914212482781
96,46,1.0
97,44,0.5433709759089471
98,27,-0.14777167224103605
99,24,-0.14926965975279327
100,28,-0.22131042759619
101,19,-0.4126445928719962
102,25,-0.3571192247553893
103,20,-0.4442668445851817
104,39,-0.4231878756502248
105,38,-0.15306564631096492
106,29,-0.20661256285089
107,9,-0.15050247583984006
108,30,0.30420894795704345
109,23,-0.05492092502959724
110,22,-0.13701645716937286
111,1,-0.12793536255101032
112,10,-0.07350860976856953
113,26,-0.1462741872616506
114,11,0.08206945316731296
115,3,-0.05444977036176274
116,12,-0.27824547780247005
117,0,-0.16022270623496765
118,32,-0.14392752204181994
119,13,-0.010656357125157927
120,4,-0.1028491872360936
121,40,-0.08932571144190576
122,18,-0.10339845988855713
123,7,-0.038545278733870834
124,14,-0.16883633105402007
125,31,-0.14248241376125467
126,2,-0.005541940692356165
127,17,-0.1522171275954982
128,5,0.4936544913628246
129,41,0.5963972405885409
130,42,-0.15000150464500878
131,43,-0.08232948857766634
132,33,-0.0938849209195375
133,34,-0.049616583428951685
134,45,0.15466794986862067
135,35,-0.14279800952272992
136,8,-0.13217429440836587
137,6,0.0066979687781508175
138,36,-0.06393353623730888
139,37,-0.0048026644260916575
140,21,0.022978990038140447
141,15,0.4454832225846721
142,16,0.6031822638720747
143,46,0.5433709759089471
144,44,1.0
145,27,-0.34210848330410115
146,24,-0.02593877114711856
147,28,0.05403004715333108
148,19,-0.28611584120271816
149,25,0.06620313319766416
150,20,-0.12176757031398093
151,39,0.0894654946371925
152,38,0.06925543161534455
153,29,-0.11144266688119887
154,9,-0.21276659309496468
155,30,-0.11310020880842404
156,23,-0.07129075310555062
157,22,-0.1710628040011867
158,1,-0.27108216415738545
159,10,-0.03998009640482198
160,26,-0.2327162170024696
161,11,-0.10566519661993416
162,3,-0.17305658966153978
163,12,-0.16916609107471478
164,0,0.027360338311890702
165,32,-0.3329103396754445
166,13,0.2618078653137157
167,4,-0.13584955549524969
168,40,-0.13746293166751145
169,18,-0.4056549485403198
170,7,-0.22642050119254506
171,14,-0.335624398264778
172,31,-0.23885008451092124
173,2,-0.4379000258504293
174,17,-0.4553783898533571
175,5,0.6664760195084434
176,41,0.1433791825834834
177,42,-0.35042435439010416
178,43,-0.321161894758029
179,33,-0.07557483361170596
180,34,-0.18535170839778053
181,45,0.3177069114718584
182,35,-0.15933448316375465
183,8,-0.1243141443863984
184,6,-0.015837087890193124
185,36,-0.13620303071748247
186,37,-0.07428699133609194
187,21,-0.15440661255044266
188,15,-0.01767457019272065
189,16,-0.1824320244128121
190,46,-0.14777167224103605
191,44,-0.34210848330410115
192,27,1.0
193,24,-0.11240470831037593
194,28,-0.3950711042299799
195,19,0.08621068080532293
196,25,-0.1258766659994764
197,20,-0.08990283295829711
198,39,-0.23679922570571946
199,38,-0.07824466771358912
200,29,0.26218717219624
201,9,0.16381625390918944
202,30,0.16416992668048366
203,23,0.10532341764066463
204,22,0.023644355946472902
205,1,0.3280247873704976
206,10,0.04274096493501118
207,26,0.18442466226444865
208,11,0.15295337938196532
209,3,0.1477549415453171
210,12,-0.019853107356268808
211,0,0.01969520836462054
212,32,0.11493345070707645
213,13,-0.1080941717852388
214,4,0.25638149227782275
215,40,0.1054756348815069
216,18,0.2255674996312749
217,7,0.06371449914445483
218,14,0.16547154664949398
219,31,0.10661959302191668
220,2,0.171524557787304
221,17,0.1832237836150266
222,5,-0.2728395518887516
223,41,-0.05514428209232745
224,42,0.30154413792208623
225,43,0.2786639312606633
226,33,-0.051214731218374165
227,34,0.023768821975004625
228,45,-0.2879959025661108
229,35,0.07387523268820974
230,8,-0.13625845578876233
231,6,-0.131353266933755
232,36,0.17953680395556812
233,37,-0.03496864329187817
234,21,0.09685863841343056
235,15,-0.19817407472477566
236,16,-0.10334713990973987
237,46,-0.14926965975279327
238,44,-0.02593877114711856
239,27,-0.11240470831037593
240,24,1.0
241,28,0.26362528130624074
242,19,0.10072803669160624
243,25,0.15976159364538656
244,20,0.2356505088814597
245,39,0.17955195984611122
246,38,0.017510143741185244
247,29,-0.11074401392012552
248,9,0.022336698342511188
249,30,-0.1052580685421956
250,23,0.008899878802994598
251,22,0.2428646480149179
252,1,-0.10536455244679024
253,10,0.12521937045559106
254,26,-0.001015438154693073
255,11,-0.08239370175998516
256,3,-0.04103805146421596
257,12,-0.01982816323265174
258,0,-0.0810910274412412
259,32,-0.06937353538788396
260,13,0.028738999622272318
261,4,-0.2601458004635084
262,40,-0.00729980789205317
263,18,0.02586496397061418
264,7,0.030263630401161718
265,14,0.045851159938803586
266,31,0.028923496585421545
267,2,-0.033877877351524414
268,17,-0.03061504172065876
269,5,-0.1781647512375605
270,41,-0.2590489375819633
271,42,-0.17793452509756846
272,43,-0.09776522372764317
273,33,-0.18329625921028056
274,34,-0.011657379251828965
275,45,0.2758366455964181
276,35,-0.1296557425374654
277,8,0.1260862140992041
278,6,0.1170937380251874
279,36,-0.13640622310755912
280,37,0.015786679325205968
281,21,-0.10011392778209352
282,15,-0.2850589763776139
283,16,-0.239883671866307
284,46,-0.22131042759619
285,44,0.05403004715333108
286,27,-0.3950711042299799
287,24,0.26362528130624074
288,28,1.0
289,19,0.1908686683476996
290,25,0.3311448238547253
291,20,0.4850037964194482
292,39,0.5589022361440655
293,38,0.06829711052854534
294,29,-0.11089097343260257
295,9,0.06646987824217933
296,30,-0.2366962860272789
297,23,-0.032080312299698495
298,22,-0.10945165914849753
299,1,-0.1162055707731572
300,10,0.011797999240933731
301,26,-0.09365677379304388
302,11,-0.14578643815394002
303,3,-0.19099747476567008
304,12,-0.020166547734464472
305,0,-0.14670250963946355
306,32,-0.22451896869086208
307,13,0.03829890056534031
308,4,-0.2912192108030592
309,40,-0.14900046299801528
310,18,-0.1442404127466222
311,7,-0.08142972653469646
312,14,-0.1825361471640997
313,31,-0.009069260479799014
314,2,-0.20836783130246364
315,17,-0.07538581635096978
316,5,0.1159126097106048
317,41,-0.30106942348342963
318,42,-0.2794593645538562
319,43,-0.2969923810264693
320,33,-0.003732631603806725
321,34,-0.001474719601867315
322,45,0.2664989740069983
323,35,-0.08041616681105401
324,8,0.07477324879354219
325,6,-0.03212405502175971
326,36,-0.10328126956243586
327,37,0.03571179312556449
328,21,-0.05579897288930278
329,15,-0.34963787576371114
330,16,-0.3895639461383977
331,46,-0.4126445928719962
332,44,-0.28611584120271816
333,27,0.08621068080532293
334,24,0.10072803669160624
335,28,0.1908686683476996
336,19,1.0
337,25,0.24129751284533
338,20,0.38781087954716736
339,39,0.2273758330893227
340,38,0.04342529566158404
341,29,0.15974346988926294
342,9,0.2119182275533376
343,30,-0.04309502431600122
344,23,-0.12719835944873176
345,22,0.0025039739972633696
346,1,0.17027102155940504
347,10,0.0310162312898527
348,26,-0.005203845034080703
349,11,-0.08876527356459472
350,3,-0.07737947115473469
351,12,0.1520855355810724
352,0,-0.018683036431181164
353,32,-0.07519442438400008
354,13,-0.02123890591391
355,4,-0.03810373137028825
356,40,-0.0459466199526282
357,18,-0.08064214261210996
358,7,0.20697748705726265
359,14,0.17260105790014102
360,31,0.13624247999498848
361,2,-0.1879423601643289
362,17,-0.019653887982734885
363,5,-0.3505005784233769
364,41,-0.4038903924354571
365,42,0.17017183088059964
366,43,-0.07246329540568835
367,33,0.057445272166913024
368,34,0.0073627258732202544
369,45,-0.2691997955629089
370,35,0.0213514244934265
371,8,-0.01698253222999916
372,6,-0.1771505688577099
373,36,0.04723002950103367
374,37,-0.10222845424571307
375,21,-0.05748460440537904
376,15,-0.1940326874379269
377,16,-0.20173354334556745
378,46,-0.3571192247553893
379,44,0.06620313319766416
380,27,-0.1258766659994764
381,24,0.15976159364538656
382,28,0.3311448238547253
383,19,0.24129751284533
384,25,1.0
385,20,0.3318186533024405
386,39,0.3706199671275676
387,38,0.22508338573890266
388,29,-0.06281151674188773
389,9,-0.02428606834219612
390,30,-0.2893459872245753
391,23,0.03223097669843608
392,22,-0.148767520980412
393,1,0.09090644431737084
394,10,0.23640642794190744
395,26,-0.07235711081373337
396,11,-0.17218390438014294
397,3,-0.06986292614861836
398,12,0.05207587400354139
399,0,-0.02583685995569381
400,32,-0.022602372124414204
401,13,0.09452967988912024
402,4,-0.12701168256731524
403,40,-0.14133028106293094
404,18,-0.18002316858669054
405,7,-0.0036678376706292095
406,14,-0.04874751203377668
407,31,-0.03132822061266774
408,2,-0.285648950275888
409,17,-0.0029231478843252767
410,5,-0.07882061307122455
411,41,-0.4087719704108789
412,42,-0.10150461488645696
413,43,-0.13215572311460838
414,33,0.10389670679985424
415,34,-0.12899372181591173
416,45,0.12392183437042505
417,35,0.09027556720019772
418,8,0.00958533735364124
419,6,0.014720967613067432
420,36,-0.0286242744444968
421,37,0.0354223283189435
422,21,-0.14608228146941088
423,15,-0.4551624235230559
424,16,-0.3951219198483501
425,46,-0.4442668445851817
426,44,-0.12176757031398093
427,27,-0.08990283295829711
428,24,0.2356505088814597
429,28,0.4850037964194482
430,19,0.38781087954716736
431,25,0.3318186533024405
432,20,1.0
433,39,0.6243361100554232
434,38,0.1447732936699476
435,29,0.001139036287348476
436,9,0.030374773534252213
437,30,-0.2553372465983907
438,23,0.1028890014726171
439,22,0.0656434863514912
440,1,-0.08297888076717773
441,10,0.1841839724387488
442,26,-0.005556335301698443
443,11,-0.148401243323865
444,3,-0.21441075534827087
445,12,0.2885912972659309
446,0,0.15578465198658192
447,32,-0.11240907612921663
448,13,0.06404635218446111
449,4,-0.2413191587010076
450,40,-0.0028317100542396066
451,18,-0.12314037724584245
452,7,-0.0116929652590316
453,14,-0.1475567879124642
454,31,0.0759568053008688
455,2,-0.329710486819903
456,17,-0.1414930838887619
457,5,-0.18486537983083048
458,41,-0.4508365489820486
459,42,-0.23113421716399085
460,43,-0.18680528530987306
461,33,0.01421755259326731
462,34,-0.2700918911252841
463,45,0.09122649876690568
464,35,-0.10675911900693663
465,8,0.12689129318118886
466,6,-0.07514447478751772
467,36,-0.06714080561848591
468,37,0.024876301258989576
469,21,0.05091588752638517
470,15,-0.16983017130425646
471,16,-0.2173141041274356
472,46,-0.4231878756502248
473,44,0.0894654946371925
474,27,-0.23679922570571946
475,24,0.17955195984611122
476,28,0.5589022361440655
477,19,0.2273758330893227
478,25,0.3706199671275676
479,20,0.6243361100554232
480,39,1.0
481,38,0.2069810527361706
482,29,-0.008685321574318965
483,9,0.05438459685532314
484,30,-0.3824657814755377
485,23,-0.016916354763049733
486,22,-0.030981424777093668
487,1,-0.16444826486808567
488,10,0.10940961172842807
489,26,-0.06317056027281936
490,11,-0.16970784250777668
491,3,-0.1942341709421176
492,12,0.2595369473555449
493,0,0.12144061211837792
494,32,-0.08069319017232872
495,13,0.3621470167457522
496,4,-0.1967005761637801
497,40,-0.1902122384066657
498,18,-0.3075150979843427
499,7,-0.11402215944374205
500,14,-0.2232109776999156
501,31,-0.12366502537922636
502,2,-0.24111148980529265
503,17,-0.043809491593143735
504,5,-0.0850476093909003
505,41,-0.5467850972425372
506,42,-0.32510792084869605
507,43,-0.30911773230395545
508,33,0.11380869054183065
509,34,-0.23473102199346746
510,45,0.16815147596242253
511,35,-0.06081201972979047
512,8,0.07618469657581524
513,6,0.01584619474118542
514,36,-0.0693352824988878
515,37,-0.09238700050267873
516,21,-0.0410892025201287
517,15,0.01962581600416952
518,16,0.06805851332473642
519,46,-0.15306564631096492
520,44,0.06925543161534455
521,27,-0.07824466771358912
522,24,0.017510143741185244
523,28,0.06829711052854534
524,19,0.04342529566158404
525,25,0.22508338573890266
526,20,0.1447732936699476
527,39,0.2069810527361706
528,38,1.0
529,29,0.04841269747553102
530,9,0.139853167027061
531,30,-0.1539314696512928
532,23,-0.046869274870001504
533,22,-0.012386656892446356
534,1,-0.006787787554364754
535,10,-0.02420242686737629
536,26,-0.14313365416303184
537,11,0.09820158754736426
538,3,0.08080821586247394
539,12,0.17386340297365174
540,0,-0.0738458008636579
541,32,-0.1503187058904296
542,13,-0.013734936643803736
543,4,-0.06863037764204646
544,40,-0.13025161843972566
545,18,-0.11085530473462324
546,7,0.01831815145845381
547,14,0.020821645845962328
548,31,-0.06696606363013614
549,2,-0.08448072907029935
550,17,-0.047217405820327706
551,5,0.035528384883213825
552,41,-0.14476015840778764
553,42,-0.16543022772577207
554,43,-0.03802099854906678
555,33,0.1170906388027211
556,34,-0.1096100722865878
557,45,-0.008522815549407372
558,35,-0.05196521753848946
559,8,0.1326304388079049
560,6,0.07507614197581537
561,36,-0.009720853623166823
562,37,-0.09088164554967124
563,21,-0.05196521753848946
564,15,0.09026515954636573
565,16,-0.14991191093773826
566,46,-0.20661256285089
567,44,-0.11144266688119887
568,27,0.26218717219624
569,24,-0.11074401392012552
570,28,-0.11089097343260257
571,19,0.15974346988926294
572,25,-0.06281151674188773
573,20,0.001139036287348476
574,39,-0.008685321574318965
575,38,0.04841269747553102
576,29,1.0
577,9,-0.18000452390346686
578,30,0.1718248938885246
579,23,-0.07248885524836712
580,22,-0.05148746020912859
581,1,0.1166985522133758
582,10,-0.06343936525971805
583,26,0.14039184234290075
584,11,-0.12243956525876525
585,3,0.0032764774510440136
586,12,-0.032662608273018964
587,0,0.1005209557882179
588,32,0.14400862902155115
589,13,-0.03123156230549975
590,4,0.13634129330396966
591,40,0.09917907362498757
592,18,0.1083780228811428
593,7,0.0740387600501802
594,14,0.09640789987035174
595,31,0.08602879720260638
596,2,0.11488366348853085
597,17,-0.044558026788883084
598,5,-0.09765539083909444
599,41,-0.15496891490416947
600,42,0.10292520342063906
601,43,0.02588327746129936
602,33,0.0727036887296787
603,34,0.06153849044459647
604,45,-0.3049997737481867
605,35,0.12807096424539993
606,8,-0.03510506418840263
607,6,-0.16095713006861934
608,36,0.14769904449858898
609,37,0.1046818035455548
610,21,0.10478533438259996
611,15,-0.14443484306837032
612,16,-0.04769253578826622
613,46,-0.15050247583984006
614,44,-0.21276659309496468
615,27,0.16381625390918944
616,24,0.022336698342511188
617,28,0.06646987824217933
618,19,0.2119182275533376
619,25,-0.02428606834219612
620,20,0.030374773534252213
621,39,0.05438459685532314
622,38,0.139853167027061
623,29,-0.18000452390346686
624,9,1.0
625,30,-0.0887467483630412
626,23,-0.05587310172908018
627,22,0.039113619088510125
628,1,0.14058636922149534
629,10,0.14316527169027618
630,26,-0.004542698391348936
631,11,0.4152082385663099
632,3,0.2154470852788528
633,12,0.11641622978298488
634,0,-0.11942568054776664
635,32,-0.15538207476070515
636,13,-0.10130661274939402
637,4,0.038741765879412665
638,40,-0.17255832649784006
639,18,-0.06289974608084442
640,7,0.07288753619369027
641,14,0.14038513641514525
642,31,-0.06894924057518019
643,2,0.026755293849889752
644,17,0.16927596554917249
645,5,-0.22209632661161546
646,41,-0.21599915389534247
647,42,-0.08317823344362303
648,43,0.10288968630452353
649,33,0.1297112178222972
650,34,-0.08723165644347204
651,45,0.03758884519666512
652,35,-0.05429675592019822
653,8,-0.03141078185544105
654,6,0.14116612381835486
655,36,-0.06720350721191252
656,37,-0.1173709716263154
657,21,-0.07897709952028832
658,15,0.10106056153350174
659,16,0.057495192302492185
660,46,0.30420894795704345
661,44,-0.11310020880842404
662,27,0.16416992668048366
663,24,-0.1052580685421956
664,28,-0.2366962860272789
665,19,-0.04309502431600122
666,25,-0.2893459872245753
667,20,-0.2553372465983907
668,39,-0.3824657814755377
669,38,-0.1539314696512928
670,29,0.1718248938885246
671,9,-0.0887467483630412
672,30,1.0
673,23,0.028233466772092264
674,22,0.07585465416853687
675,1,0.10704893994774146
676,10,-0.1849819388487689
677,26,0.1029120802752876
678,11,0.11844793223560902
679,3,0.3572493661610953
680,12,-0.051810707848009036
681,0,-0.02100995655764137
682,32,0.05939551645658725
683,13,-0.05234734994100914
684,4,0.17220755955973613
685,40,0.03480098189397572
686,18,0.20231927421927048
687,7,0.1669618014422292
688,14,0.02340901867431249
689,31,0.01297397037901726
690,2,0.1941507059737386
691,17,0.1460627743850267
692,5,-0.116745304779634
693,41,0.21888517194395987
694,42,0.05655116181444995
695,43,0.11283259272005422
696,33,-0.04842999345230821
697,34,0.12310488038443056
698,45,-0.088815650184438
699,35,-0.03122879650388822
700,8,0.0049043221022230426
701,6,-0.010539900463153005
702,36,0.005973224314533127
703,37,-0.0012529951599552526
704,21,0.06410121387640212
705,15,0.08853399924063057
706,16,0.05151204436752066
707,46,-0.05492092502959724
708,44,-0.07129075310555062
709,27,0.10532341764066463
710,24,0.008899878802994598
711,28,-0.032080312299698495
712,19,-0.12719835944873176
713,25,0.03223097669843608
714,20,0.1028890014726171
715,39,-0.016916354763049733
716,38,-0.046869274870001504
717,29,-0.07248885524836712
718,9,-0.05587310172908018
719,30,0.028233466772092264
720,23,1.0
721,22,0.457430446704528
722,1,-0.07339702688648576
723,10,-0.1551462941419098
724,26,0.14058363691685746
725,11,0.041351549955023985
726,3,-0.08657809302553099
727,12,-0.0017261245093587328
728,0,0.07941212754444035
729,32,0.07342064091132562
730,13,-0.10844312398663952
731,4,-0.04095699015366573
732,40,0.2074271156704192
733,18,0.09696197367964668
734,7,-0.18912275325867314
735,14,-0.1810014554713203
736,31,0.014033286581429529
737,2,0.046405681030345605
738,17,-0.09721088125513848
739,5,0.042229771694510386
740,41,0.07371825019908429
741,42,0.06600034655031482
742,43,0.1756130479575882
743,33,-0.03445565252983738
744,34,-0.0561196869585413
745,45,-0.152663315018111
746,35,-0.07495408750982865
747,8,0.11344630305604884
748,6,0.1020123711071306
749,36,-0.15210362232236607
750,37,0.051972530090412083
751,21,-0.07495408750982865
752,15,0.05465417612199425
753,16,-0.025690154989574804
754,46,-0.13701645716937286
755,44,-0.1710628040011867
756,27,0.023644355946472902
757,24,0.2428646480149179
758,28,-0.10945165914849753
759,19,0.0025039739972633696
760,25,-0.148767520980412
761,20,0.0656434863514912
762,39,-0.030981424777093668
763,38,-0.012386656892446356
764,29,-0.05148746020912859
765,9,0.039113619088510125
766,30,0.07585465416853687
767,23,0.457430446704528
768,22,1.0
769,1,-0.01005048622051089
770,10,0.021282257620977282
771,26,0.036946098351261836
772,11,-0.03525549476711685
773,3,-0.10765288894146913
774,12,0.025483562245109573
775,0,0.09625498761044364
776,32,0.009196690455676186
777,13,-0.04525708908273137
778,4,-0.13240308959872146
779,40,0.047060413857274455
780,18,0.14392867301270088
781,7,0.031172295605975037
782,14,0.1006806880278662
783,31,0.1852722243798409
784,2,0.15119345236798615
785,17,0.009640177724820832
786,5,-0.20031073822896334
787,41,-0.023524250148248986
788,42,0.0840929705962192
789,43,0.10040184220093744
790,33,0.0934377305960449
791,34,0.012943318301682454
792,45,-0.08381137121074825
793,35,-0.04332658001041733
794,8,0.1861447497388977
795,6,0.07577358613903105
796,36,-0.08792221987306745
797,37,0.06657332417192396
798,21,-0.04332658001041733
799,15,0.0662235505173159
800,16,-0.19889812163058992
801,46,-0.12793536255101032
802,44,-0.27108216415738545
803,27,0.3280247873704976
804,24,-0.10536455244679024
805,28,-0.1162055707731572
806,19,0.17027102155940504
807,25,0.09090644431737084
808,20,-0.08297888076717773
809,39,-0.16444826486808567
810,38,-0.006787787554364754
811,29,0.1166985522133758
812,9,0.14058636922149534
813,30,0.10704893994774146
814,23,-0.07339702688648576
815,22,-0.01005048622051089
816,1,1.0
817,10,0.1356081129328201
818,26,-0.07205914717379201
819,11,-0.01587937576257817
820,3,-0.018914653600937286
821,12,0.08157804133664671
822,0,-0.05276808491465899
823,32,0.12471472946024882
824,13,-0.11583799696786365
825,4,0.0011064858017333134
826,40,0.15200260601836504
827,18,0.03142921386037599
828,7,-0.07005684035733875
829,14,-0.01897839298244024
830,31,0.2152200830342081
831,2,0.019236097590883856
832,17,0.2306071341357607
833,5,-0.3495154644205016
834,41,-0.16655001600911956
835,42,0.12914308988008613
836,43,0.07786227461637847
837,33,0.013461756009450295
838,34,0.2108020132823782
839,45,-0.17138423377250345
840,35,0.2713554388520171
841,8,-0.046685143257666345
842,6,-0.06494140944321587
843,36,0.0882559286789465
844,37,-0.06494140944321587
845,21,0.2884936770953024
846,15,-0.16379951061827672
847,16,-0.08956791635002995
848,46,-0.07350860976856953
849,44,-0.03998009640482198
850,27,0.04274096493501118
851,24,0.12521937045559106
852,28,0.011797999240933731
853,19,0.0310162312898527
854,25,0.23640642794190744
855,20,0.1841839724387488
856,39,0.10940961172842807
857,38,-0.02420242686737629
858,29,-0.06343936525971805
859,9,0.14316527169027618
860,30,-0.1849819388487689
861,23,-0.1551462941419098
862,22,0.021282257620977282
863,1,0.1356081129328201
864,10,1.0
865,26,-0.059958437099585996
866,11,-0.060921858109523136
867,3,0.07840203378332374
868,12,-0.04825208027950538
869,0,0.1260008675348319
870,32,0.0018836307315546093
871,13,-0.03136494873939435
872,4,-0.04495638043107299
873,40,-0.014520949237771532
874,18,-0.12617938326095554
875,7,-0.04806396966049322
876,14,-0.02909314424329188
877,31,-0.11334258796285852
878,2,-0.06076684424919088
879,17,0.05347113202138561
880,5,-0.2622526184034741
881,41,-0.20996436885809128
882,42,-0.03121138568100113
883,43,-0.15252754717563616
884,33,-0.056436603697158284
885,34,-0.17282868420047875
886,45,0.14008105373571084
887,35,-0.03872767237993862
888,8,-0.13489587931430336
889,6,-0.06773058520519924
890,36,-0.07858970002576685
891,37,0.10159587780779886
892,21,-0.03872767237993862
893,15,-0.017703410278164456
894,16,-0.2319980634177197
895,46,-0.1462741872616506
896,44,-0.2327162170024696
897,27,0.18442466226444865
898,24,-0.001015438154693073
899,28,-0.09365677379304388
900,19,-0.005203845034080703
901,25,-0.07235711081373337
902,20,-0.005556335301698443
903,39,-0.06317056027281936
904,38,-0.14313365416303184
905,29,0.14039184234290075
906,9,-0.004542698391348936
907,30,0.1029120802752876
908,23,0.14058363691685746
909,22,0.036946098351261836
910,1,-0.07205914717379201
911,10,-0.059958437099585996
912,26,1.0
913,11,0.09088220638577628
914,3,0.13071310419812412
915,12,0.02227554710592064
916,0,-0.08071528954867564
917,32,0.06405178000485626
918,13,-0.06085108743017064
919,4,0.17210047313568252
920,40,0.008009323503185386
921,18,0.1653191997503228
922,7,0.05116834748607229
923,14,0.09661418854698116
924,31,0.0016835857835171876
925,2,0.14323530334819362
926,17,0.20948525721947814
927,5,-0.10478963697318452
928,41,-0.04616630074348712
929,42,0.05397827478054265
930,43,0.1267718692553502
931,33,-0.11616309283716147
932,34,0.04120220126173037
933,45,-0.24654376949038045
934,35,0.06885347183822584
935,8,0.0011044523955500065
936,6,0.16074481439077876
937,36,-0.010780745185620031
938,37,0.08106900571172328
939,21,-0.016793529716640446
940,15,-0.04265324413565914
941,16,0.06754296205329817
942,46,0.08206945316731296
943,44,-0.10566519661993416
944,27,0.15295337938196532
945,24,-0.08239370175998516
946,28,-0.14578643815394002
947,19,-0.08876527356459472
948,25,-0.17218390438014294
949,20,-0.148401243323865
950,39,-0.16970784250777668
951,38,0.09820158754736426
952,29,-0.12243956525876525
953,9,0.4152082385663099
954,30,0.11844793223560902
955,23,0.041351549955023985
956,22,-0.03525549476711685
957,1,-0.01587937576257817
958,10,-0.060921858109523136
959,26,0.09088220638577628
960,11,1.0
961,3,0.16017009418122838
962,12,-0.018389315832206862
963,0,-0.1375307073125202
964,32,0.06875633879039841
965,13,-0.04923568910501441
966,4,0.009738483100841884
967,40,0.0492373537025458
968,18,0.08999152452695265
969,7,0.05276271308355178
970,14,0.1172860447646878
971,31,-0.1274809900330902
972,2,-0.005293746215145618
973,17,0.14658481119965733
974,5,0.10210769520851982
975,41,0.2633475446974121
976,42,0.13856257608322262
977,43,0.17995772774262905
978,33,0.11089961166321564
979,34,0.09033351673376697
980,45,-0.02930247903033328
981,35,0.1365292440875983
982,8,0.02602579290760749
983,6,0.22924273930521802
984,36,-0.024001421636785945
985,37,-0.07354677471286405
986,21,-0.0967802236570317
987,15,-0.03053361369095082
988,16,-0.08143322694469755
989,46,-0.05444977036176274
990,44,-0.17305658966153978
991,27,0.1477549415453171
992,24,-0.04103805146421596
993,28,-0.19099747476567008
994,19,-0.07737947115473469
995,25,-0.06986292614861836
996,20,-0.21441075534827087
997,39,-0.1942341709421176
998,38,0.08080821586247394
999,29,0.0032764774510440136
1000,9,0.2154470852788528
1001,30,0.3572493661610953
1002,23,-0.08657809302553099
1003,22,-0.10765288894146913
1004,1,-0.018914653600937286
1005,10,0.07840203378332374
1006,26,0.13071310419812412
1007,11,0.16017009418122838
1008,3,1.0
1009,12,-0.02453438455785801
1010,0,-0.025776491099974996
1011,32,0.07853048286437589
1012,13,-0.0314455106029692
1013,4,0.15429415969135438
1014,40,-0.07038363550335876
1015,18,0.09139840560291128
1016,7,0.1705661044098387
1017,14,0.17430808048943186
1018,31,-0.025476743049087786
1019,2,0.20348294090671515
1020,17,0.1797339026928479
1021,5,-0.111409943864879
1022,41,-0.012739721647215218
1023,42,0.0658603633238643
1024,43,0.1182297869667981
1025,33,0.056821483170279186
1026,34,0.025121657537065915
1027,45,-0.020545737021861216
1028,35,-0.07763907686568752
1029,8,-0.049630931952388296
1030,6,0.08190055455838782
1031,36,0.04615112147505778
1032,37,-0.13578249834680087
1033,21,-0.07763907686568752
1034,15,-0.05208147014236617
1035,16,-0.2003633809991449
1036,46,-0.27824547780247005
1037,44,-0.16916609107471478
1038,27,-0.019853107356268808
1039,24,-0.01982816323265174
1040,28,-0.020166547734464472
1041,19,0.1520855355810724
1042,25,0.05207587400354139
1043,20,0.2885912972659309
1044,39,0.2595369473555449
1045,38,0.17386340297365174
1046,29,-0.032662608273018964
1047,9,0.11641622978298488
1048,30,-0.051810707848009036
1049,23,-0.0017261245093587328
1050,22,0.025483562245109573
1051,1,0.08157804133664671
1052,10,-0.04825208027950538
1053,26,0.02227554710592064
1054,11,-0.018389315832206862
1055,3,-0.02453438455785801
1056,12,1.0
1057,0,0.08073496765578006
1058,32,0.05616566188092532
1059,13,0.1402380449667785
1060,4,0.017658100929178747
1061,40,0.07147842887617259
1062,18,-0.12162583687715955
1063,7,-0.13214434385902796
1064,14,-0.15966955318411993
1065,31,0.051732941528560436
1066,2,0.0197941061188703
1067,17,0.22574416329355
1068,5,-0.28359300404104565
1069,41,-0.2912633134891461
1070,42,-0.02899526325539447
1071,43,0.03327217829403255
1072,33,0.0759208867943289
1073,34,-0.01768811388209704
1074,45,-0.04589315860323191
1075,35,0.08545854732879092
1076,8,0.51149207264345
1077,6,0.04286777595578357
1078,36,0.09844079546473368
1079,37,-0.11470026539520467
1080,21,0.200728215818788
1081,15,-0.008603598284333273
1082,16,0.07996928082413296
1083,46,-0.16022270623496765
1084,44,0.027360338311890702
1085,27,0.01969520836462054
1086,24,-0.0810910274412412
1087,28,-0.14670250963946355
1088,19,-0.018683036431181164
1089,25,-0.02583685995569381
1090,20,0.15578465198658192
1091,39,0.12144061211837792
1092,38,-0.0738458008636579
1093,29,0.1005209557882179
1094,9,-0.11942568054776664
1095,30,-0.02100995655764137
1096,23,0.07941212754444035
1097,22,0.09625498761044364
1098,1,-0.05276808491465899
1099,10,0.1260008675348319
1100,26,-0.08071528954867564
1101,11,-0.1375307073125202
1102,3,-0.025776491099974996
1103,12,0.08073496765578006
1104,0,1.0
1105,32,0.09813466254685822
1106,13,0.2273375656930361
1107,4,-0.022714107694242203
1108,40,0.07906093838558176
1109,18,0.03594610903521135
1110,7,-0.05799988108459676
1111,14,-0.03951767708913361
1112,31,-0.04037825621201525
1113,2,-0.10842427572745544
1114,17,-0.13358135945404978
1115,5,-0.1547229471456478
1116,41,-0.012508021420744204
1117,42,0.14647289519275347
1118,43,0.10402971406175364
1119,33,-0.052767232159143536
1120,34,-0.0615701566097927
1121,45,-0.06367785415046266
1122,35,-0.013796719361698172
1123,8,-0.048056608506971125
1124,6,-0.02412899662835872
1125,36,-0.027997552379037848
1126,37,-0.02412899662835872
1127,21,-0.013796719361698172
1128,15,0.08535879988801062
1129,16,-0.2693296231388661
1130,46,-0.14392752204181994
1131,44,-0.3329103396754445
1132,27,0.11493345070707645
1133,24,-0.06937353538788396
1134,28,-0.22451896869086208
1135,19,-0.07519442438400008
1136,25,-0.022602372124414204
1137,20,-0.11240907612921663
1138,39,-0.08069319017232872
1139,38,-0.1503187058904296
1140,29,0.14400862902155115
1141,9,-0.15538207476070515
1142,30,0.05939551645658725
1143,23,0.07342064091132562
1144,22,0.009196690455676186
1145,1,0.12471472946024882
1146,10,0.0018836307315546093
1147,26,0.06405178000485626
1148,11,0.06875633879039841
1149,3,0.07853048286437589
1150,12,0.05616566188092532
1151,0,0.09813466254685822
1152,32,1.0
1153,13,0.07110875287987915
1154,4,0.12290317417863285
1155,40,0.254844342409433
1156,18,0.13529596345271244
1157,7,0.09064964827742716
1158,14,0.10687550008661484
1159,31,0.14139779666705946
1160,2,0.3123835987950857
1161,17,0.17890267739795948
1162,5,-0.298356470190318
1163,41,-0.08042935152035756
1164,42,0.04310976383782133
1165,43,0.10717100827651628
1166,33,-0.1026739816984507
1167,34,0.18083993240686075
1168,45,-0.14415158119278335
1169,35,0.1248083752341438
1170,8,-0.13803028862896105
1171,6,-0.09573534680140644
1172,36,0.2570536003096469
1173,37,0.016152271332134725
1174,21,0.22115168243243025
1175,15,0.1136768629639751
1176,16,0.10619741803315584
1177,46,-0.010656357125157927
1178,44,0.2618078653137157
1179,27,-0.1080941717852388
1180,24,0.028738999622272318
1181,28,0.03829890056534031
1182,19,-0.02123890591391
1183,25,0.09452967988912024
1184,20,0.06404635218446111
1185,39,0.3621470167457522
1186,38,-0.013734936643803736
1187,29,-0.03123156230549975
1188,9,-0.10130661274939402
1189,30,-0.05234734994100914
1190,23,-0.10844312398663952
1191,22,-0.04525708908273137
1192,1,-0.11583799696786365
1193,10,-0.03136494873939435
1194,26,-0.06085108743017064
1195,11,-0.04923568910501441
1196,3,-0.0314455106029692
1197,12,0.1402380449667785
1198,0,0.2273375656930361
1199,32,0.07110875287987915
1200,13,1.0
1201,4,-0.18391790335891647
1202,40,-0.0814933439723138
1203,18,-0.16923961903975865
1204,7,-0.04143395900935995
1205,14,-0.04419229349833002
1206,31,-0.08863949351619695
1207,2,-0.1662936789559744
1208,17,-0.06297175165709316
1209,5,0.11826607786021046
1210,41,-0.1464753064184885
1211,42,-0.1351605544565583
1212,43,-0.1707677154720196
1213,33,0.08940934301142249
1214,34,0.05184892058841326
1215,45,0.2179117468644801
1216,35,-0.030286949738114955
1217,8,-0.10549523029913634
1218,6,-0.05296865790740385
1219,36,0.09770726453106472
1220,37,-0.05296865790740385
1221,21,-0.030286949738114955
1222,15,-0.02304468965075824
1223,16,0.08381105171899965
1224,46,-0.1028491872360936
1225,44,-0.13584955549524969
1226,27,0.25638149227782275
1227,24,-0.2601458004635084
1228,28,-0.2912192108030592
1229,19,-0.03810373137028825
1230,25,-0.12701168256731524
1231,20,-0.2413191587010076
1232,39,-0.1967005761637801
1233,38,-0.06863037764204646
1234,29,0.13634129330396966
1235,9,0.038741765879412665
1236,30,0.17220755955973613
1237,23,-0.04095699015366573
1238,22,-0.13240308959872146
1239,1,0.0011064858017333134
1240,10,-0.04495638043107299
1241,26,0.17210047313568252
1242,11,0.009738483100841884
1243,3,0.15429415969135438
1244,12,0.017658100929178747
1245,0,-0.022714107694242203
1246,32,0.12290317417863285
1247,13,-0.18391790335891647
1248,4,1.0
1249,40,0.1947124367048368
1250,18,0.21802901604644287
1251,7,-0.015207575446975609
1252,14,0.09281729603672
1253,31,-0.0710901818441205
1254,2,0.08408895798537368
1255,17,0.020558373852225118
1256,5,-0.10247838164631086
1257,41,-0.0394974236882388
1258,42,0.11744417850555795
1259,43,0.2315903655491237
1260,33,-0.08331328367003872
1261,34,0.053195845760371695
1262,45,-0.13665137920481432
1263,35,-0.0414338262370199
1264,8,-0.05008879292020677
1265,6,-0.045373212097837054
1266,36,-0.014229138424033025
1267,37,0.010070549122451958
1268,21,-0.06132206283078945
1269,15,-0.0035356501968263915
1270,16,-0.09731491852391573
1271,46,-0.08932571144190576
1272,44,-0.13746293166751145
1273,27,0.1054756348815069
1274,24,-0.00729980789205317
1275,28,-0.14900046299801528
1276,19,-0.0459466199526282
1277,25,-0.14133028106293094
1278,20,-0.0028317100542396066
1279,39,-0.1902122384066657
1280,38,-0.13025161843972566
1281,29,0.09917907362498757
1282,9,-0.17255832649784006
1283,30,0.03480098189397572
1284,23,0.2074271156704192
1285,22,0.047060413857274455
1286,1,0.15200260601836504
1287,10,-0.014520949237771532
1288,26,0.008009323503185386
1289,11,0.0492373537025458
1290,3,-0.07038363550335876
1291,12,0.07147842887617259
1292,0,0.07906093838558176
1293,32,0.254844342409433
1294,13,-0.0814933439723138
1295,4,0.1947124367048368
1296,40,1.0
1297,18,0.15804728299660284
1298,7,-0.06987440467546019
1299,14,0.019801438388890258
1300,31,0.249078197544722
1301,2,0.05310843754866832
1302,17,0.002621745564050028
1303,5,-0.056663068409892325
1304,41,0.10147776482354542
1305,42,0.19863595573577264
1306,43,0.2032583491326553
1307,33,-0.08920763496250346
1308,34,0.2307804566526702
1309,45,-0.01661986350697983
1310,35,0.12672618659186158
1311,8,-0.0477776107649946
1312,6,-0.09331816381275758
1313,36,0.1520622473857847
1314,37,0.17287788039671115
1315,21,0.22454990957505291
1316,15,-0.267547961577073
1317,16,-0.17537931292291878
1318,46,-0.10339845988855713
1319,44,-0.4056549485403198
1320,27,0.2255674996312749
1321,24,0.02586496397061418
1322,28,-0.1442404127466222
1323,19,-0.08064214261210996
1324,25,-0.18002316858669054
1325,20,-0.12314037724584245
1326,39,-0.3075150979843427
1327,38,-0.11085530473462324
1328,29,0.1083780228811428
1329,9,-0.06289974608084442
1330,30,0.20231927421927048
1331,23,0.09696197367964668
1332,22,0.14392867301270088
1333,1,0.03142921386037599
1334,10,-0.12617938326095554
1335,26,0.1653191997503228
1336,11,0.08999152452695265
1337,3,0.09139840560291128
1338,12,-0.12162583687715955
1339,0,0.03594610903521135
1340,32,0.13529596345271244
1341,13,-0.16923961903975865
1342,4,0.21802901604644287
1343,40,0.15804728299660284
1344,18,1.0
1345,7,0.18576084161742765
1346,14,0.25371947369761755
1347,31,0.058896949967512637
1348,2,0.13584662112348478
1349,17,-0.015852312185519742
1350,5,-0.06954568428094514
1351,41,0.2527651036817699
1352,42,0.4021161069285036
1353,43,0.338192474803629
1354,33,0.07271073592854893
1355,34,0.2161259859938453
1356,45,-0.1691467643242036
1357,35,0.018349877245724986
1358,8,0.12269214589061532
1359,6,-0.0593215500919967
1360,36,0.061812504277000475
1361,37,0.2206230537311744
1362,21,-0.05838597305457949
1363,15,-0.21393558320700368
1364,16,-0.10472866102539913
1365,46,-0.038545278733870834
1366,44,-0.22642050119254506
1367,27,0.06371449914445483
1368,24,0.030263630401161718
1369,28,-0.08142972653469646
1370,19,0.20697748705726265
1371,25,-0.0036678376706292095
1372,20,-0.0116929652590316
1373,39,-0.11402215944374205
1374,38,0.01831815145845381
1375,29,0.0740387600501802
1376,9,0.07288753619369027
1377,30,0.1669618014422292
1378,23,-0.18912275325867314
1379,22,0.031172295605975037
1380,1,-0.07005684035733875
1381,10,-0.04806396966049322
1382,26,0.05116834748607229
1383,11,0.05276271308355178
1384,3,0.1705661044098387
1385,12,-0.13214434385902796
1386,0,-0.05799988108459676
1387,32,0.09064964827742716
1388,13,-0.04143395900935995
1389,4,-0.015207575446975609
1390,40,-0.06987440467546019
1391,18,0.18576084161742765
1392,7,1.0
1393,14,0.7764443013520615
1394,31,0.07396668058860296
1395,2,0.12682977553977245
1396,17,0.04626004453425042
1397,5,-0.14044935401389982
1398,41,-0.09368605988170008
1399,42,0.06817417127794352
1400,43,-0.17819370092443995
1401,33,-0.02645128426874211
1402,34,-0.1429682849022019
1403,45,-0.026497892332686138
1404,35,0.08388404309934529
1405,8,0.03341123795686395
1406,6,-0.07085716969970324
1407,36,-0.04947918461612269
1408,37,0.09154623495871736
1409,21,0.015407273222328727
1410,15,-0.21132787087863392
1411,16,-0.08044030280476441
1412,46,-0.16883633105402007
1413,44,-0.335624398264778
1414,27,0.16547154664949398
1415,24,0.045851159938803586
1416,28,-0.1825361471640997
1417,19,0.17260105790014102
1418,25,-0.04874751203377668
1419,20,-0.1475567879124642
1420,39,-0.2232109776999156
1421,38,0.020821645845962328
1422,29,0.09640789987035174
1423,9,0.14038513641514525
1424,30,0.02340901867431249
1425,23,-0.1810014554713203
1426,22,0.1006806880278662
1427,1,-0.01897839298244024
1428,10,-0.02909314424329188
1429,26,0.09661418854698116
1430,11,0.1172860447646878
1431,3,0.17430808048943186
1432,12,-0.15966955318411993
1433,0,-0.03951767708913361
1434,32,0.10687550008661484
1435,13,-0.04419229349833002
1436,4,0.09281729603672
1437,40,0.019801438388890258
1438,18,0.25371947369761755
1439,7,0.7764443013520615
1440,14,1.0
1441,31,0.07228969014908024
1442,2,0.12765369440038496
1443,17,0.08530537103307011
1444,5,-0.17510849787860092
1445,41,-0.05355799805959498
1446,42,0.2084744863998828
1447,43,-0.011234741171198095
1448,33,0.001915675027544913
1449,34,-0.05296220861851817
1450,45,-0.08111482574334984
1451,35,0.11754320913774398
1452,8,0.02777648890422863
1453,6,-0.09716022765616493
1454,36,-0.10647041226277837
1455,37,0.0438991150057814
1456,21,-0.09122756530093562
1457,15,-0.18810537327819574
1458,16,-0.18553665327419602
1459,46,-0.14248241376125467
1460,44,-0.23885008451092124
1461,27,0.10661959302191668
1462,24,0.028923496585421545
1463,28,-0.009069260479799014
1464,19,0.13624247999498848
1465,25,-0.03132822061266774
1466,20,0.0759568053008688
1467,39,-0.12366502537922636
1468,38,-0.06696606363013614
1469,29,0.08602879720260638
1470,9,-0.06894924057518019
1471,30,0.01297397037901726
1472,23,0.014033286581429529
1473,22,0.1852722243798409
1474,1,0.2152200830342081
1475,10,-0.11334258796285852
1476,26,0.0016835857835171876
1477,11,-0.1274809900330902
1478,3,-0.025476743049087786
1479,12,0.051732941528560436
1480,0,-0.04037825621201525
1481,32,0.14139779666705946
1482,13,-0.08863949351619695
1483,4,-0.0710901818441205
1484,40,0.249078197544722
1485,18,0.058896949967512637
1486,7,0.07396668058860296
1487,14,0.07228969014908024
1488,31,1.0
1489,2,0.042005877344389916
1490,17,0.06568492787098787
1491,5,-0.2227646102666372
1492,41,0.01047153227407769
1493,42,0.14207941066235946
1494,43,0.2483920279759814
1495,33,0.1032477046126562
1496,34,0.16764796689715558
1497,45,0.037724800954675335
1498,35,0.3232108338323485
1499,8,-0.09897187364804658
1500,6,-0.04969331127912705
1501,36,0.13685716392060307
1502,37,0.18455809116887328
1503,21,0.3587285078798594
1504,15,0.3659429376337584
1505,16,-0.28696272823033125
1506,46,-0.005541940692356165
1507,44,-0.4379000258504293
1508,27,0.171524557787304
1509,24,-0.033877877351524414
1510,28,-0.20836783130246364
1511,19,-0.1879423601643289
1512,25,-0.285648950275888
1513,20,-0.329710486819903
1514,39,-0.24111148980529265
1515,38,-0.08448072907029935
1516,29,0.11488366348853085
1517,9,0.026755293849889752
1518,30,0.1941507059737386
1519,23,0.046405681030345605
1520,22,0.15119345236798615
1521,1,0.019236097590883856
1522,10,-0.06076684424919088
1523,26,0.14323530334819362
1524,11,-0.005293746215145618
1525,3,0.20348294090671515
1526,12,0.0197941061188703
1527,0,-0.10842427572745544
1528,32,0.3123835987950857
1529,13,-0.1662936789559744
1530,4,0.08408895798537368
1531,40,0.05310843754866832
1532,18,0.13584662112348478
1533,7,0.12682977553977245
1534,14,0.12765369440038496
1535,31,0.042005877344389916
1536,2,1.0
1537,17,0.19127136183289245
1538,5,-0.29728197769743697
1539,41,0.003071592329165144
1540,42,0.037065838440922864
1541,43,0.06100997437436224
1542,33,0.020678207516123925
1543,34,0.17118583400595525
1544,45,-0.228856266014654
1545,35,-0.07629805633813927
1546,8,0.046461661194169813
1547,6,0.09859665224912327
1548,36,0.05334114204449407
1549,37,0.039555491465158216
1550,21,0.08001991274487777
1551,15,-0.2284291397857373
1552,16,-0.31575634953284043
1553,46,-0.1522171275954982
1554,44,-0.4553783898533571
1555,27,0.1832237836150266
1556,24,-0.03061504172065876
1557,28,-0.07538581635096978
1558,19,-0.019653887982734885
1559,25,-0.0029231478843252767
1560,20,-0.1414930838887619
1561,39,-0.043809491593143735
1562,38,-0.047217405820327706
1563,29,-0.044558026788883084
1564,9,0.16927596554917249
1565,30,0.1460627743850267
1566,23,-0.09721088125513848
1567,22,0.009640177724820832
1568,1,0.2306071341357607
1569,10,0.05347113202138561
1570,26,0.20948525721947814
1571,11,0.14658481119965733
1572,3,0.1797339026928479
1573,12,0.22574416329355
1574,0,-0.13358135945404978
1575,32,0.17890267739795948
1576,13,-0.06297175165709316
1577,4,0.020558373852225118
1578,40,0.002621745564050028
1579,18,-0.015852312185519742
1580,7,0.04626004453425042
1581,14,0.08530537103307011
1582,31,0.06568492787098787
1583,2,0.19127136183289245
1584,17,1.0
1585,5,-0.3462016765476447
1586,41,-0.04416308415981516
1587,42,0.16395877207408804
1588,43,0.19331351728601584
1589,33,0.07575653590280551
1590,34,0.1568406369873931
1591,45,-0.0013090180299754133
1592,35,0.17929833998408012
1593,8,0.24011918237566496
1594,6,0.09365449531815903
1595,36,0.1431854978035111
1596,37,0.03508872318859135
1597,21,0.12011248018350998
1598,15,0.3094654876164388
1599,16,0.4267694001538519
1600,46,0.4936544913628246
1601,44,0.6664760195084434
1602,27,-0.2728395518887516
1603,24,-0.1781647512375605
1604,28,0.1159126097106048
1605,19,-0.3505005784233769
1606,25,-0.07882061307122455
1607,20,-0.18486537983083048
1608,39,-0.0850476093909003
1609,38,0.035528384883213825
1610,29,-0.09765539083909444
1611,9,-0.22209632661161546
1612,30,-0.116745304779634
1613,23,0.042229771694510386
1614,22,-0.20031073822896334
1615,1,-0.3495154644205016
1616,10,-0.2622526184034741
1617,26,-0.10478963697318452
1618,11,0.10210769520851982
1619,3,-0.111409943864879
1620,12,-0.28359300404104565
1621,0,-0.1547229471456478
1622,32,-0.298356470190318
1623,13,0.11826607786021046
1624,4,-0.10247838164631086
1625,40,-0.056663068409892325
1626,18,-0.06954568428094514
1627,7,-0.14044935401389982
1628,14,-0.17510849787860092
1629,31,-0.2227646102666372
1630,2,-0.29728197769743697
1631,17,-0.3462016765476447
1632,5,1.0
1633,41,0.4677105221032612
1634,42,-0.1666750998074156
1635,43,-0.14546708440912634
1636,33,0.024279777650108608
1637,34,-0.05623433986187345
1638,45,0.05489589659613547
1639,35,-0.11993684069510654
1640,8,-0.04382128555709725
1641,6,0.005102092730303928
1642,36,-0.05550095130076268
1643,37,-0.032730753724729535
1644,21,-0.1150079294336638
1645,15,0.07606417506178217
1646,16,0.33573668034160004
1647,46,0.5963972405885409
1648,44,0.1433791825834834
1649,27,-0.05514428209232745
1650,24,-0.2590489375819633
1651,28,-0.30106942348342963
1652,19,-0.4038903924354571
1653,25,-0.4087719704108789
1654,20,-0.4508365489820486
1655,39,-0.5467850972425372
1656,38,-0.14476015840778764
1657,29,-0.15496891490416947
1658,9,-0.21599915389534247
1659,30,0.21888517194395987
1660,23,0.07371825019908429
1661,22,-0.023524250148248986
1662,1,-0.16655001600911956
1663,10,-0.20996436885809128
1664,26,-0.04616630074348712
1665,11,0.2633475446974121
1666,3,-0.012739721647215218
1667,12,-0.2912633134891461
1668,0,-0.012508021420744204
1669,32,-0.08042935152035756
1670,13,-0.1464753064184885
1671,4,-0.0394974236882388
1672,40,0.10147776482354542
1673,18,0.2527651036817699
1674,7,-0.09368605988170008
1675,14,-0.05355799805959498
1676,31,0.01047153227407769
1677,2,0.003071592329165144
1678,17,-0.04416308415981516
1679,5,0.4677105221032612
1680,41,1.0
1681,42,0.3888737741758002
1682,43,0.4232657964756481
1683,33,-0.02052114233560609
1684,34,0.21489847449364166
1685,45,0.06029511437975026
1686,35,0.11657955077764814
1687,8,-0.08702903541516666
1688,6,-0.011486493004337569
1689,36,0.0006888321118615125
1690,37,0.028900310924374967
1691,21,-0.021345551550836984
1692,15,-0.2142251931100152
1693,16,-0.0691541308742114
1694,46,-0.15000150464500878
1695,44,-0.35042435439010416
1696,27,0.30154413792208623
1697,24,-0.17793452509756846
1698,28,-0.2794593645538562
1699,19,0.17017183088059964
1700,25,-0.10150461488645696
1701,20,-0.23113421716399085
1702,39,-0.32510792084869605
1703,38,-0.16543022772577207
1704,29,0.10292520342063906
1705,9,-0.08317823344362303
1706,30,0.05655116181444995
1707,23,0.06600034655031482
1708,22,0.0840929705962192
1709,1,0.12914308988008613
1710,10,-0.03121138568100113
1711,26,0.05397827478054265
1712,11,0.13856257608322262
1713,3,0.0658603633238643
1714,12,-0.02899526325539447
1715,0,0.14647289519275347
1716,32,0.04310976383782133
1717,13,-0.1351605544565583
1718,4,0.11744417850555795
1719,40,0.19863595573577264
1720,18,0.4021161069285036
1721,7,0.06817417127794352
1722,14,0.2084744863998828
1723,31,0.14207941066235946
1724,2,0.037065838440922864
1725,17,0.16395877207408804
1726,5,-0.1666750998074156
1727,41,0.3888737741758002
1728,42,1.0
1729,43,0.3447266314769075
1730,33,0.15027998346579782
1731,34,0.2262908019505165
1732,45,-0.1999722773886564
1733,35,0.2115370161710851
1734,8,0.01764615157518954
1735,6,-0.07577407359668459
1736,36,0.1701763415869959
1737,37,0.0670309112586056
1738,21,-0.04332685873383671
1739,15,-0.16265111070231894
1740,16,0.019511199217450075
1741,46,-0.08232948857766634
1742,44,-0.321161894758029
1743,27,0.2786639312606633
1744,24,-0.09776522372764317
1745,28,-0.2969923810264693
1746,19,-0.07246329540568835
1747,25,-0.13215572311460838
1748,20,-0.18680528530987306
1749,39,-0.30911773230395545
1750,38,-0.03802099854906678
1751,29,0.02588327746129936
1752,9,0.10288968630452353
1753,30,0.11283259272005422
1754,23,0.1756130479575882
1755,22,0.10040184220093744
1756,1,0.07786227461637847
1757,10,-0.15252754717563616
1758,26,0.1267718692553502
1759,11,0.17995772774262905
1760,3,0.1182297869667981
1761,12,0.03327217829403255
1762,0,0.10402971406175364
1763,32,0.10717100827651628
1764,13,-0.1707677154720196
1765,4,0.2315903655491237
1766,40,0.2032583491326553
1767,18,0.338192474803629
1768,7,-0.17819370092443995
1769,14,-0.011234741171198095
1770,31,0.2483920279759814
1771,2,0.06100997437436224
1772,17,0.19331351728601584
1773,5,-0.14546708440912634
1774,41,0.4232657964756481
1775,42,0.3447266314769075
1776,43,1.0
1777,33,0.003320087887958969
1778,34,0.31390838455336434
1779,45,-0.11817497113664452
1780,35,0.20801593419291708
1781,8,-0.05114849455102239
1782,6,0.029457309532905755
1783,36,0.12288829707672785
1784,37,0.014851393556173318
1785,21,-0.054741035313925546
1786,15,-0.07490785261110251
1787,16,-0.0774471201262808
1788,46,-0.0938849209195375
1789,44,-0.07557483361170596
1790,27,-0.051214731218374165
1791,24,-0.18329625921028056
1792,28,-0.003732631603806725
1793,19,0.057445272166913024
1794,25,0.10389670679985424
1795,20,0.01421755259326731
1796,39,0.11380869054183065
1797,38,0.1170906388027211
1798,29,0.0727036887296787
1799,9,0.1297112178222972
1800,30,-0.04842999345230821
1801,23,-0.03445565252983738
1802,22,0.0934377305960449
1803,1,0.013461756009450295
1804,10,-0.056436603697158284
1805,26,-0.11616309283716147
1806,11,0.11089961166321564
1807,3,0.056821483170279186
1808,12,0.0759208867943289
1809,0,-0.052767232159143536
1810,32,-0.1026739816984507
1811,13,0.08940934301142249
1812,4,-0.08331328367003872
1813,40,-0.08920763496250346
1814,18,0.07271073592854893
1815,7,-0.02645128426874211
1816,14,0.001915675027544913
1817,31,0.1032477046126562
1818,2,0.020678207516123925
1819,17,0.07575653590280551
1820,5,0.024279777650108608
1821,41,-0.02052114233560609
1822,42,0.15027998346579782
1823,43,0.003320087887958969
1824,33,1.0
1825,34,0.038182824430764976
1826,45,0.0614088743915928
1827,35,0.2256498235436967
1828,8,0.1367831719686495
1829,6,0.09824310865956798
1830,36,0.07944855901846598
1831,37,-0.06494035996140934
1832,21,-0.037132249443899465
1833,15,0.04186119081490877
1834,16,-0.0637284081869456
1835,46,-0.049616583428951685
1836,44,-0.18535170839778053
1837,27,0.023768821975004625
1838,24,-0.011657379251828965
1839,28,-0.001474719601867315
1840,19,0.0073627258732202544
1841,25,-0.12899372181591173
1842,20,-0.2700918911252841
1843,39,-0.23473102199346746
1844,38,-0.1096100722865878
1845,29,0.06153849044459647
1846,9,-0.08723165644347204
1847,30,0.12310488038443056
1848,23,-0.0561196869585413
1849,22,0.012943318301682454
1850,1,0.2108020132823782
1851,10,-0.17282868420047875
1852,26,0.04120220126173037
1853,11,0.09033351673376697
1854,3,0.025121657537065915
1855,12,-0.01768811388209704
1856,0,-0.0615701566097927
1857,32,0.18083993240686075
1858,13,0.05184892058841326
1859,4,0.053195845760371695
1860,40,0.2307804566526702
1861,18,0.2161259859938453
1862,7,-0.1429682849022019
1863,14,-0.05296220861851817
1864,31,0.16764796689715558
1865,2,0.17118583400595525
1866,17,0.1568406369873931
1867,5,-0.05623433986187345
1868,41,0.21489847449364166
1869,42,0.2262908019505165
1870,43,0.31390838455336434
1871,33,0.038182824430764976
1872,34,1.0
1873,45,0.005969509286049006
1874,35,0.1860506286805929
1875,8,0.015147444096204915
1876,6,-0.07577407359668459
1877,36,0.047840339160341916
1878,37,0.0998892010912554
1879,21,-0.04332685873383671
1880,15,-0.31693909514617885
1881,16,0.08889262811793912
1882,46,0.15466794986862067
1883,44,0.3177069114718584
1884,27,-0.2879959025661108
1885,24,0.2758366455964181
1886,28,0.2664989740069983
1887,19,-0.2691997955629089
1888,25,0.12392183437042505
1889,20,0.09122649876690568
1890,39,0.16815147596242253
1891,38,-0.008522815549407372
1892,29,-0.3049997737481867
1893,9,0.03758884519666512
1894,30,-0.088815650184438
1895,23,-0.152663315018111
1896,22,-0.08381137121074825
1897,1,-0.17138423377250345
1898,10,0.14008105373571084
1899,26,-0.24654376949038045
1900,11,-0.02930247903033328
1901,3,-0.020545737021861216
1902,12,-0.04589315860323191
1903,0,-0.06367785415046266
1904,32,-0.14415158119278335
1905,13,0.2179117468644801
1906,4,-0.13665137920481432
1907,40,-0.01661986350697983
1908,18,-0.1691467643242036
1909,7,-0.026497892332686138
1910,14,-0.08111482574334984
1911,31,0.037724800954675335
1912,2,-0.228856266014654
1913,17,-0.0013090180299754133
1914,5,0.05489589659613547
1915,41,0.06029511437975026
1916,42,-0.1999722773886564
1917,43,-0.11817497113664452
1918,33,0.0614088743915928
1919,34,0.005969509286049006
1920,45,1.0
1921,35,-0.04481004342308497
1922,8,-0.06015279090382785
1923,6,-0.07836800606917199
1924,36,-0.09093259817458248
1925,37,0.059194637062932265
1926,21,-0.04481004342308497
1927,15,-0.12642290495198502
1928,16,-0.09360103151497938
1929,46,-0.14279800952272992
1930,44,-0.15933448316375465
1931,27,0.07387523268820974
1932,24,-0.1296557425374654
1933,28,-0.08041616681105401
1934,19,0.0213514244934265
1935,25,0.09027556720019772
1936,20,-0.10675911900693663
1937,39,-0.06081201972979047
1938,38,-0.05196521753848946
1939,29,0.12807096424539993
1940,9,-0.05429675592019822
1941,30,-0.03122879650388822
1942,23,-0.07495408750982865
1943,22,-0.04332658001041733
1944,1,0.2713554388520171
1945,10,-0.03872767237993862
1946,26,0.06885347183822584
1947,11,0.1365292440875983
1948,3,-0.07763907686568752
1949,12,0.08545854732879092
1950,0,-0.013796719361698172
1951,32,0.1248083752341438
1952,13,-0.030286949738114955
1953,4,-0.0414338262370199
1954,40,0.12672618659186158
1955,18,0.018349877245724986
1956,7,0.08388404309934529
1957,14,0.11754320913774398
1958,31,0.3232108338323485
1959,2,-0.07629805633813927
1960,17,0.17929833998408012
1961,5,-0.11993684069510654
1962,41,0.11657955077764814
1963,42,0.2115370161710851
1964,43,0.20801593419291708
1965,33,0.2256498235436967
1966,34,0.1860506286805929
1967,45,-0.04481004342308497
1968,35,1.0
1969,8,-0.03381738820650766
1970,6,-0.01697955122855485
1971,36,-0.01970185011072121
1972,37,-0.01697955122855485
1973,21,-0.009708737864077669
1974,15,-0.06461754516045325
1975,16,-0.09987701903507372
1976,46,-0.13217429440836587
1977,44,-0.1243141443863984
1978,27,-0.13625845578876233
1979,24,0.1260862140992041
1980,28,0.07477324879354219
1981,19,-0.01698253222999916
1982,25,0.00958533735364124
1983,20,0.12689129318118886
1984,39,0.07618469657581524
1985,38,0.1326304388079049
1986,29,-0.03510506418840263
1987,9,-0.03141078185544105
1988,30,0.0049043221022230426
1989,23,0.11344630305604884
1990,22,0.1861447497388977
1991,1,-0.046685143257666345
1992,10,-0.13489587931430336
1993,26,0.0011044523955500065
1994,11,0.02602579290760749
1995,3,-0.049630931952388296
1996,12,0.51149207264345
1997,0,-0.048056608506971125
1998,32,-0.13803028862896105
1999,13,-0.10549523029913634
2000,4,-0.05008879292020677
2001,40,-0.0477776107649946
2002,18,0.12269214589061532
2003,7,0.03341123795686395
2004,14,0.02777648890422863
2005,31,-0.09897187364804658
2006,2,0.046461661194169813
2007,17,0.24011918237566496
2008,5,-0.04382128555709725
2009,41,-0.08702903541516666
2010,42,0.01764615157518954
2011,43,-0.05114849455102239
2012,33,0.1367831719686495
2013,34,0.015147444096204915
2014,45,-0.06015279090382785
2015,35,-0.03381738820650766
2016,8,1.0
2017,6,0.1451692303524916
2018,36,-0.06862530669881055
2019,37,-0.059143019773237326
2020,21,-0.03381738820650766
2021,15,0.1240973827843242
2022,16,0.09600612164790699
2023,46,0.0066979687781508175
2024,44,-0.015837087890193124
2025,27,-0.131353266933755
2026,24,0.1170937380251874
2027,28,-0.03212405502175971
2028,19,-0.1771505688577099
2029,25,0.014720967613067432
2030,20,-0.07514447478751772
2031,39,0.01584619474118542
2032,38,0.07507614197581537
2033,29,-0.16095713006861934
2034,9,0.14116612381835486
2035,30,-0.010539900463153005
2036,23,0.1020123711071306
2037,22,0.07577358613903105
2038,1,-0.06494140944321587
2039,10,-0.06773058520519924
2040,26,0.16074481439077876
2041,11,0.22924273930521802
2042,3,0.08190055455838782
2043,12,0.04286777595578357
2044,0,-0.02412899662835872
2045,32,-0.09573534680140644
2046,13,-0.05296865790740385
2047,4,-0.045373212097837054
2048,40,-0.09331816381275758
2049,18,-0.0593215500919967
2050,7,-0.07085716969970324
2051,14,-0.09716022765616493
2052,31,-0.04969331127912705
2053,2,0.09859665224912327
2054,17,0.09365449531815903
2055,5,0.005102092730303928
2056,41,-0.011486493004337569
2057,42,-0.07577407359668459
2058,43,0.029457309532905755
2059,33,0.09824310865956798
2060,34,-0.07577407359668459
2061,45,-0.07836800606917199
2062,35,-0.01697955122855485
2063,8,0.1451692303524916
2064,6,1.0
2065,36,-0.034456443044986886
2066,37,-0.02969543147208122
2067,21,-0.01697955122855485
2068,15,-0.008882137481602492
2069,16,-0.14240970466874722
2070,46,-0.06393353623730888
2071,44,-0.13620303071748247
2072,27,0.17953680395556812
2073,24,-0.13640622310755912
2074,28,-0.10328126956243586
2075,19,0.04723002950103367
2076,25,-0.0286242744444968
2077,20,-0.06714080561848591
2078,39,-0.0693352824988878
2079,38,-0.009720853623166823
2080,29,0.14769904449858898
2081,9,-0.06720350721191252
2082,30,0.005973224314533127
2083,23,-0.15210362232236607
2084,22,-0.08792221987306745
2085,1,0.0882559286789465
2086,10,-0.07858970002576685
2087,26,-0.010780745185620031
2088,11,-0.024001421636785945
2089,3,0.04615112147505778
2090,12,0.09844079546473368
2091,0,-0.027997552379037848
2092,32,0.2570536003096469
2093,13,0.09770726453106472
2094,4,-0.014229138424033025
2095,40,0.1520622473857847
2096,18,0.061812504277000475
2097,7,-0.04947918461612269
2098,14,-0.10647041226277837
2099,31,0.13685716392060307
2100,2,0.05334114204449407
2101,17,0.1431854978035111
2102,5,-0.05550095130076268
2103,41,0.0006888321118615125
2104,42,0.1701763415869959
2105,43,0.12288829707672785
2106,33,0.07944855901846598
2107,34,0.047840339160341916
2108,45,-0.09093259817458248
2109,35,-0.01970185011072121
2110,8,-0.06862530669881055
2111,6,-0.034456443044986886
2112,36,1.0
2113,37,-0.034456443044986886
2114,21,0.4876207902403499
2115,15,-0.12078419249936745
2116,16,0.006737917645855026
2117,46,-0.0048026644260916575
2118,44,-0.07428699133609194
2119,27,-0.03496864329187817
2120,24,0.015786679325205968
2121,28,0.03571179312556449
2122,19,-0.10222845424571307
2123,25,0.0354223283189435
2124,20,0.024876301258989576
2125,39,-0.09238700050267873
2126,38,-0.09088164554967124
2127,29,0.1046818035455548
2128,9,-0.1173709716263154
2129,30,-0.0012529951599552526
2130,23,0.051972530090412083
2131,22,0.06657332417192396
2132,1,-0.06494140944321587
2133,10,0.10159587780779886
2134,26,0.08106900571172328
2135,11,-0.07354677471286405
2136,3,-0.13578249834680087
2137,12,-0.11470026539520467
2138,0,-0.02412899662835872
2139,32,0.016152271332134725
2140,13,-0.05296865790740385
2141,4,0.010070549122451958
2142,40,0.17287788039671115
2143,18,0.2206230537311744
2144,7,0.09154623495871736
2145,14,0.0438991150057814
2146,31,0.18455809116887328
2147,2,0.039555491465158216
2148,17,0.03508872318859135
2149,5,-0.032730753724729535
2150,41,0.028900310924374967
2151,42,0.0670309112586056
2152,43,0.014851393556173318
2153,33,-0.06494035996140934
2154,34,0.0998892010912554
2155,45,0.059194637062932265
2156,35,-0.01697955122855485
2157,8,-0.059143019773237326
2158,6,-0.02969543147208122
2159,36,-0.034456443044986886
2160,37,1.0
2161,21,-0.01697955122855485
2162,15,0.027911550443944742
2163,16,-0.15271747247180847
2164,46,0.022978990038140447
2165,44,-0.15440661255044266
2166,27,0.09685863841343056
2167,24,-0.10011392778209352
2168,28,-0.05579897288930278
2169,19,-0.05748460440537904
2170,25,-0.14608228146941088
2171,20,0.05091588752638517
2172,39,-0.0410892025201287
2173,38,-0.05196521753848946
2174,29,0.10478533438259996
2175,9,-0.07897709952028832
2176,30,0.06410121387640212
2177,23,-0.07495408750982865
2178,22,-0.04332658001041733
2179,1,0.2884936770953024
2180,10,-0.03872767237993862
2181,26,-0.016793529716640446
2182,11,-0.0967802236570317
2183,3,-0.07763907686568752
2184,12,0.200728215818788
2185,0,-0.013796719361698172
2186,32,0.22115168243243025
2187,13,-0.030286949738114955
2188,4,-0.06132206283078945
2189,40,0.22454990957505291
2190,18,-0.05838597305457949
2191,7,0.015407273222328727
2192,14,-0.09122756530093562
2193,31,0.3587285078798594
2194,2,0.08001991274487777
2195,17,0.12011248018350998
2196,5,-0.1150079294336638
2197,41,-0.021345551550836984
2198,42,-0.04332685873383671
2199,43,-0.054741035313925546
2200,33,-0.037132249443899465
2201,34,-0.04332685873383671
2202,45,-0.04481004342308497
2203,35,-0.009708737864077669
2204,8,-0.03381738820650766
2205,6,-0.01697955122855485
2206,36,0.4876207902403499
2207,37,-0.01697955122855485
2208,21,1.0
