child neutral affect,cleanup not requested,mother positive affect,no child independent clean up,v direct concrete inst_mother positive tone,p touching toys for cleanup,v small mission steps_mother positive tone,no compliance - Passive_passive non compliance,p signal const,yes compliance,v positive feedback_mother positive tone,p positive feedback,v signal const_mother positive tone,v perspective/mirroring_mother positive tone,p mother cleanup,v concern_mother positive tone,p concern exp,subjects,child positive affect,v choice_mother positive tone,p gentle touch for clean up,v rational_mother positive tone,p affection expression,v motivation arousal_mother positive tone,p gentle touch for clean up_control,v unclear,v inadequate perspective/invalidation_mother positive tone,v action oriented feedback_mother positive tone,v affection_mother positive tone,v hostility_mother positive tone,no compliance - Defiance_defiance,p modeling,v modeling_mother positive tone,v direct concrete inst_mother positive tone_control,v small mission steps_mother negative tone_control,p signal const_control,v positive feedback_mother negative tone,v modeling_mother negative tone,p touching toys for cleanup_control,v affection_mother negative tone,v affection_mother negative tone_control,v direct concrete inst_mother negative tone_control,v small mission steps_mother positive tone_control,v affection_mother positive tone_control,v signal const_mother negative tone_control,p forceful touch for cleanup,child negative affect,no compliance - Refusal_refusal,p concern exp_control,v signal const_mother negative tone,v inadequate perspective/invalidation_mother negative tone,v direct concrete inst_mother negative tone,child alert,no inadequate boundaries setting,indecisive expectations setting_mother positive tone,legitimazinig expectation violation_mother positive tone,v glorificaion feedback_mother positive tone,v negative cr_mother positive tone,v hostility_mother negative tone,v signal const_mother positive tone_control,yes child independent clean up,v threat punishment_mother positive tone,v small mission steps_mother negative tone,p motivational arrousal,child tired,v material reward_mother positive tone,v negative feedback_mother positive tone,unclear compiance,v concern_mother negative tone,v negative cr_mother negative tone,v perspective/mirroring_mother negative tone
,0,0,0,0,0,0,0,0,0,0,0,0,0,0,0,0,,,,,,,,,,,,,,,,,,,,,,,,,,,,,,,,,,,,,,,,,,,,,,,,,,,,,,
,0,0,0,0,0,0,0,0,0,0,0,0,0,0,0,0,,,,,,,,,,,,,,,,,,,,,,,,,,,,,,,,,,,,,,,,,,,,,,,,,,,,,,
0.3,0.4,0.033707865,0.3,0.02247191,0.269662921,0.269662921,6,0.280898876,0.2,0.202247191,0.02247191,0.02247191,0.033707865,0.033707865,0.02247191,0.011235955,subjects_011,,,,,,,,,,,,,,,,,,,,,,,,,,,,,,,,,,,,,,,,,,,,,,,,,,,,,
,0,0,0,0,0,0,0,0,0,0,0,0,0,0,0,0,,0,0,0,0,0,0,0,,,,,,,,,,,,,,,,,,,,,,,,,,,,,,,,,,,,,,,,,,,,,,
0.363636364,0.454545455,0.0625,0.272727273,0.125,0.270833333,0.416666667,8,0.375,0.545454545,0.375,0.020833333,0.104166667,0.104166667,0.166666667,0.020833333,0.020833333,subjects_012,0.090909091,0.020833333,0.0625,0.020833333,0.020833333,0.020833333,0.020833333,,,,,,,,,,,,,,,,,,,,,,,,,,,,,,,,,,,,,,,,,,,,,,
,0,0,0,0,0,0,0,0,0,0,0,0,0,0,0,0,,0,0,0,0,0,0,0,0,0,0,,,,,,,,,,,,,,,,,,,,,,,,,,,,,,,,,,,,,,,,,,,
0.125,0.166666667,0.032258065,0.125,0.032258065,0.107526882,0.139784946,4,0.096774194,0.125,0.225806452,,0.11827957,0.010752688,0.075268817,,,subjects_015,,,,,,0.043010753,,0.010752688,0.021505376,0.032258065,,,,,,,,,,,,,,,,,,,,,,,,,,,,,,,,,,,,,,,,,,,
,0,0,0,0,0,0,0,0,0,0,0,0,0,0,0,0,,0,0,0,0,0,0,0,0,0,0,0,0,0,0,0,0,0,0,0,0,0,0,0,0,0,0,0,0,0,0,,,,,,,,,,,,,,,,,,,,,,,
0.086956522,0.108695652,0.046875,0.065217391,0.046875,0.125,0.140625,16,0.109375,0.130434783,0.140625,,0.015625,0.09375,0.046875,,,subjects_016,,,0.03125,,0.015625,0.09375,0.03125,,,,0.046875,0.015625,2,0.046875,0.015625,0.015625,0.171875,0.15625,0.0625,0.015625,0.03125,0.015625,0.015625,0.015625,0.0625,0.015625,0.015625,0.015625,0.02173913,2,,,,,,,,,,,,,,,,,,,,,,,
,0,0,0,0,0,0,0,0,0,0,0,0,0,0,0,0,,0,0,0,0,0,0,0,0,0,0,0,0,0,0,0,0,0,0,0,0,0,0,0,0,0,0,0,0,0,0,,,,,,,,,,,,,,,,,,,,,,,
0.107142857,0.178571429,0.024193548,0.107142857,0.016129032,0.032258065,0.048387097,6,0.016129032,0.071428571,0.048387097,,0.040322581,0.008064516,0.048387097,,,subjects_018,,,0.016129032,,,0.016129032,,,,,0.048387097,,,0.016129032,,,,,,,,,,,,,,,,,,,,,,,,,,,,,,,,,,,,,,,
,0,0,0,0,0,0,0,0,0,0,0,0,0,0,0,0,,0,0,0,0,0,0,0,0,0,0,0,0,0,0,0,0,0,0,0,0,0,0,0,0,0,0,0,0,0,0,,,,,,,,,,,,,,,,,,,,,,,
0.166666667,0.166666667,0.032967033,0.1,0.054945055,0.054945055,0.043956044,4,0.065934066,0.033333333,,,,0.032967033,0.010989011,,,subjects_020,0.066666667,0.010989011,,,,,,,,,0.010989011,,,,,,,,,,,,,,,,,,,,,,,,,,,,,,,,,,,,,,,,,,
,0,0,0,0,0,0,0,0,0,0,0,0,0,0,0,0,,0,0,0,0,0,0,0,0,0,0,0,0,0,0,0,0,0,0,0,0,0,0,0,0,0,0,0,0,0,0,0,0,0,0,,,,,,,,,,,,,,,,,,,
0.142857143,0.119047619,0.024590164,0.071428571,0.06557377,0.114754098,0.081967213,12,0.081967213,0.119047619,0.098360656,,0.016393443,0.008196721,0.049180328,0.008196721,0.008196721,subjects_021,,0.008196721,0.008196721,0.008196721,,0.032786885,,,0.024590164,0.008196721,0.008196721,0.024590164,,0.008196721,0.008196721,0.008196721,,,,,,,,0.008196721,0.008196721,,,,0.071428571,2,0.008196721,0.008196721,0.008196721,0.008196721,,,,,,,,,,,,,,,,,,,
,0,0,0,0,0,0,0,0,0,0,0,0,0,0,0,0,,0,0,0,0,0,0,0,0,0,0,0,0,0,0,0,0,0,0,0,0,0,0,0,0,0,0,0,0,0,0,0,0,0,0,,,,,,,,,,,,,,,,,,,
0.173913043,0.347826087,0.06,0.130434783,0.1,0.1,0.06,6,0.06,0.043478261,0.04,,0.06,0.04,0.08,,,subjects_022,,,0.02,,,,,,,,0.14,,2,0.04,0.04,,,0.02,,,,,,,,,,,0.043478261,2,,,,,,,,,,,,,,,,,,,,,,,
,0,0,0,0,0,0,0,0,0,0,0,0,0,0,0,0,,0,0,0,0,0,0,0,0,0,0,0,0,0,0,0,0,0,0,0,0,0,0,0,0,0,0,0,0,0,0,0,0,0,0,,,,,,,,,,,,,,,,,,,
0.526315789,0.684210526,0.048387097,0.157894737,0.14516129,0.177419355,0.064516129,10,0.112903226,,,,0.016129032,0.161290323,0.032258065,,,subjects_023,0.105263158,0.080645161,,0.016129032,0.016129032,,0.016129032,,0.032258065,,0.016129032,,12,0.032258065,0.048387097,,,,,,,,,,,,,,0.263157895,18,,,,,,,,,,,,,,,,,,,,,,,
,0,0,0,0,0,0,0,0,0,0,0,0,0,0,0,0,,0,0,0,0,0,0,0,0,0,0,0,0,0,0,0,0,0,0,0,0,0,0,0,0,0,0,0,0,0,0,0,0,0,0,,,,,,,,,,,,,,,,,,,
0.777777778,0.555555556,0.058823529,0.333333333,0.156862745,0.058823529,0.215686275,8,0.254901961,0.222222222,0.078431373,,0.019607843,0.039215686,0.235294118,,,subjects_026,0.111111111,,,,0.039215686,0.019607843,,,,,0.137254902,,,0.019607843,0.019607843,0.019607843,,,,,,,,,0.039215686,,,,0.333333333,8,,,,,,,,,,,,,,,,,,,,,,,
,0,0,0,0,0,0,0,0,0,0,0,0,0,0,0,0,,0,0,0,0,0,0,0,0,0,0,0,0,0,0,0,0,0,0,0,0,0,0,0,0,0,0,0,0,0,0,0,0,0,0,0,0,0,0,,,,,,,,,,,,,,,
0.081081081,0.243243243,0.033333333,0.081081081,0.133333333,0.111111111,0.133333333,4,0.155555556,0.162162162,0.111111111,,0.022222222,0.022222222,0.022222222,0.077777778,0.011111111,subjects_028,,0.011111111,0.022222222,,0.011111111,,,0.011111111,,,0.088888889,0.022222222,16,0.022222222,0.022222222,,,,,,,,,,,,,,,,,,,,0.081081081,0.177777778,0.111111111,0.044444444,,,,,,,,,,,,,,,
,0,0,0,0,0,0,0,0,0,0,0,0,0,0,0,0,,0,0,0,0,0,0,0,0,0,0,0,0,0,0,0,0,0,0,0,0,0,0,0,0,0,0,0,0,0,0,0,0,0,0,0,0,0,0,0,,,,,,,,,,,,,,
0.111111111,0.222222222,0.025862069,0.111111111,0.051724138,0.068965517,0.232758621,10,0.060344828,0.185185185,0.155172414,,0.00862069,0.025862069,0.017241379,,,subjects_029,,,,0.00862069,,,,,,,0.017241379,,2,0.017241379,0.017241379,,,,,,,,,,,,,,,2,,,,,0.111111111,0.025862069,,,0.00862069,,,,,,,,,,,,,,
,0,0,0,0,0,0,0,0,0,0,0,0,0,0,0,0,,0,0,0,0,0,0,0,0,0,0,0,0,0,0,0,0,0,0,0,0,0,0,0,0,0,0,0,0,0,0,0,0,0,0,0,0,0,0,0,,,,,,,,,,,,,,
0.166666667,0.555555556,0.054545455,0.166666667,0.2,0.272727273,0.345454545,12,0.218181818,0.333333333,0.109090909,,0.018181818,0.072727273,0.054545455,0.036363636,0.018181818,subjects_030,,,0.054545455,0.018181818,,,,,,,0.018181818,,8,0.036363636,0.036363636,,,,,,,,,,,,,,,2,,,,,0.166666667,0.072727273,0.018181818,,,,,,,,,,,,,,,,
,0,0,0,0,0,0,0,0,0,0,0,0,0,0,0,0,,0,0,0,0,0,0,0,0,0,0,0,0,0,0,0,0,0,0,0,0,0,0,0,0,0,0,0,0,0,0,0,0,0,0,0,0,0,0,0,,,,,,,,,,,,,,
0.096774194,0.225806452,0.045454545,0.096774194,0.015151515,0.03030303,0.196969697,8,0.212121212,0.129032258,0.090909091,,,,0.090909091,0.015151515,,subjects_031,,,,,0.015151515,,0.03030303,,0.015151515,,0.03030303,,2,0.045454545,,,,,,,,,,,,,,,,2,,,,,0.096774194,0.045454545,,,,,,,,,,,,,,,,,
,0,0,0,0,0,0,0,0,0,0,0,0,0,0,0,0,,0,0,0,0,0,0,0,0,0,0,0,0,0,0,0,0,0,0,0,0,0,0,0,0,0,0,0,0,0,0,0,0,0,0,0,0,0,0,0,0,0,,,,,,,,,,,,
0.24137931,0.24137931,0.023255814,0.103448276,0.07751938,0.11627907,0.147286822,8,0.093023256,0.24137931,0.069767442,,0.023255814,0.031007752,0.07751938,,,subjects_032,0.034482759,,0.023255814,0.015503876,0.007751938,0.007751938,0.023255814,,0.03875969,,0.069767442,0.015503876,16,,,,,,,,,,,,0.023255814,,,,0.103448276,14,,,,0.007751938,0.103448276,0.031007752,,0.007751938,,0.007751938,0.007751938,,,,,,,,,,,,
,0,0,0,0,0,0,0,0,0,0,0,0,0,0,0,0,,0,0,0,0,0,0,0,0,0,0,0,0,0,0,0,0,0,0,0,0,0,0,0,0,0,0,0,0,0,0,0,0,0,0,0,0,0,0,0,0,0,,,,,,,,,,,,
0.1875,0.3125,0.029411765,0.1875,0.049019608,0.039215686,0.137254902,,0.039215686,0.1875,0.058823529,0.009803922,0.009803922,0.009803922,0.009803922,0.019607843,,subjects_034,,,,0.009803922,,,0.009803922,,,,0.009803922,,2,,,0.009803922,,,,,,,,,,,,,,,,,,,0.1875,0.029411765,,,,,,,,,,,,,,,,,
,0,0,0,0,0,0,0,0,0,0,0,0,0,0,0,0,,0,0,0,0,0,0,0,0,0,0,0,0,0,0,0,0,0,0,0,0,0,0,0,0,0,0,0,0,0,0,0,0,0,0,0,0,0,0,0,0,0,0,,,,,,,,,,,
0.129032258,0.193548387,0.032967033,0.096774194,0.021978022,0.054945055,0.032967033,6,0.021978022,0.096774194,0.010989011,,0.010989011,,0.065934066,0.021978022,0.021978022,subjects_036,,,0.021978022,,0.010989011,,,,,,0.010989011,,10,,,0.043956044,,,,,,,,,0.032967033,,,0.010989011,0.032258065,2,,,,,0.096774194,0.065934066,0.021978022,0.010989011,0.010989011,,,0.010989011,,,,,,,,,,,
,0,0,0,0,0,0,0,0,0,0,0,0,0,0,0,0,,0,0,0,0,0,0,0,0,0,0,0,0,0,0,0,0,0,0,0,0,0,0,0,0,0,0,0,0,0,0,0,0,0,0,0,0,0,0,0,0,0,0,,,,,,,,,,,
0.307692308,0.615384615,0.142857143,0.230769231,0.285714286,0.333333333,1.095238095,10,0.476190476,0.230769231,0.666666667,0.19047619,,0.428571429,0.142857143,,,subjects_037,,,0.047619048,0.047619048,0.285714286,,,,,,0.19047619,,,0.19047619,0.142857143,,,,,,,,,,,,,,0.153846154,2,,,,,0.230769231,0.142857143,,,,,,,,,,,,,,,,,
,0,0,0,0,0,0,0,0,0,0,0,0,0,0,0,0,,0,0,0,0,0,0,0,0,0,0,0,0,0,0,0,0,0,0,0,0,0,0,0,0,0,0,0,0,0,0,0,0,0,0,0,0,0,0,0,0,0,0,0,,,,,,,,,,
0.115384615,0.230769231,0.05,0.153846154,0.083333333,0.166666667,0.183333333,6,0.133333333,0.153846154,0.083333333,,0.033333333,0.066666667,0.116666667,,,subjects_038,,,,0.016666667,0.016666667,0.016666667,,,,,,,,,,,,,,,,,,,,,,,,2,,,,,0.115384615,0.05,,,0.016666667,,,,0.038461538,,,,,,,,,,
,0,0,0,0,0,0,0,0,0,0,0,0,0,0,0,0,,0,0,0,0,0,0,0,0,0,0,0,0,0,0,0,0,0,0,0,0,0,0,0,0,0,0,0,0,0,0,0,0,0,0,0,0,0,0,0,0,0,0,0,,,,,,,,,,
0.096774194,0.129032258,0.054545455,0.096774194,0.090909091,0.181818182,0.309090909,4,0.2,0.129032258,0.054545455,0.036363636,,0.090909091,,0.036363636,,subjects_039,,,,0.072727273,,0.072727273,,,,,0.018181818,0.018181818,2,,,0.018181818,,,,,,,,,0.018181818,,,,,,,,,,0.096774194,0.072727273,,0.018181818,,,,,,,,,,,,,,,
,0,0,0,0,0,0,0,0,0,0,0,0,0,0,0,0,,0,0,0,0,0,0,0,0,0,0,0,0,0,0,0,0,0,0,0,0,0,0,0,0,0,0,0,0,0,0,0,0,0,0,0,0,0,0,0,0,0,0,0,,,,,,,,,,
0.068181818,0.090909091,0.045454545,0.068181818,0.015151515,0.121212121,0.166666667,2,0.136363636,0.022727273,0.106060606,0.015151515,0.015151515,,,,,subjects_041,,,0.015151515,,,0.045454545,,,,0.015151515,0.015151515,,,,,,,,,,,,,,,,,,,,,,,,0.068181818,0.045454545,,,,0.015151515,,,,,,,,,,,,,
,0,0,0,0,0,0,0,0,0,0,0,0,0,0,0,0,,0,0,0,0,0,0,0,0,0,0,0,0,0,0,0,0,0,0,0,0,0,0,0,0,0,0,0,0,0,0,0,0,0,0,0,0,0,0,0,0,0,0,0,,,,,,,,,,
0.15,0.25,0.063829787,0.2,0.063829787,0.106382979,0.29787234,2,0.127659574,0.15,0.234042553,,,0.212765957,,0.042553191,,subjects_043,,,0.085106383,0.042553191,,0.085106383,,,,0.021276596,,,,,,,,,,,,,,,,,,,,2,,,,,0.15,0.063829787,,,,,,,0.05,,,,,,,,,,
,0,0,0,0,0,0,0,0,0,0,0,0,0,0,0,0,,0,0,0,0,0,0,0,0,0,0,0,0,0,0,0,0,0,0,0,0,0,0,0,0,0,0,0,0,0,0,0,0,0,0,0,0,0,0,0,0,0,0,0,,,,,,,,,,
0.185185185,0.37037037,0.030612245,0.111111111,0.040816327,0.132653061,0.193877551,12,0.081632653,0.296296296,0.051020408,,0.010204082,0.010204082,0.051020408,0.020408163,,subjects_044,,,0.020408163,0.010204082,0.010204082,,0.051020408,,0.020408163,,0.030612245,,12,0.051020408,0.040816327,,,0.020408163,,,,,,,0.010204082,,,,0.074074074,,,,,,0.111111111,0.030612245,,,,,,,,,,,,,,,,,
,0,0,0,0,0,0,0,0,0,0,0,0,0,0,0,0,,0,0,0,0,0,0,0,0,0,0,0,0,0,0,0,0,0,0,0,0,0,0,0,0,0,0,0,0,0,0,0,0,0,0,0,0,0,0,0,0,0,0,0,0,0,,,,,,,,
0.128205128,0.256410256,0.045454545,0.076923077,0.075757576,0.090909091,0.166666667,14,0.272727273,0.076923077,0.090909091,,0.045454545,0.03030303,0.060606061,,,subjects_048,0.051282051,,0.045454545,0.060606061,,0.015151515,,,0.015151515,,0.03030303,,6,0.045454545,0.045454545,0.03030303,0.03030303,0.015151515,,,,,,0.015151515,0.045454545,,0.015151515,0.015151515,,22,,0.015151515,,0.015151515,0.076923077,0.136363636,0.03030303,0.060606061,0.015151515,0.015151515,0.015151515,0.045454545,,0.015151515,0.015151515,,,,,,,,
,0,0,0,0,0,0,0,0,0,0,0,0,0,0,0,0,,0,0,0,0,0,0,0,0,0,0,0,0,0,0,0,0,0,0,0,0,0,0,0,0,0,0,0,0,0,0,0,0,0,0,0,0,0,0,0,0,0,0,0,0,0,,,,,,,,
0.125,0.25,0.025641026,0.125,0.051282051,0.111111111,0.282051282,10,0.102564103,0.375,0.196581197,,,0.025641026,0.025641026,0.008547009,,subjects_050,,,0.017094017,,,0.034188034,,,,,0.051282051,,8,,,0.017094017,,,,,,,,,,,,,,,,,,,0.125,0.034188034,,0.008547009,,,,,,,,,,,,,,,
,0,0,0,0,0,0,0,0,0,0,0,0,0,0,0,0,,0,0,0,0,0,0,0,0,0,0,0,0,0,0,0,0,0,0,0,0,0,0,0,0,0,0,0,0,0,0,0,0,0,0,0,0,0,0,0,0,0,0,0,0,0,,,,,,,,
0.129032258,0.225806452,0.025,0.096774194,0.058333333,0.066666667,0.075,8,0.083333333,0.096774194,0.025,0.008333333,0.016666667,0.008333333,0.066666667,,,subjects_057,0.032258065,,0.008333333,0.008333333,,,,,,,0.033333333,,10,,,0.008333333,,,,,,,,,,,,,,2,,,,,0.096774194,0.041666667,,0.016666667,,0.008333333,,,,,,,,,,,,,
,0,0,0,0,0,0,0,0,0,0,0,0,0,0,0,0,,0,0,0,0,0,0,0,0,0,0,0,0,0,0,0,0,0,0,0,0,0,0,0,0,0,0,0,0,0,0,0,0,0,0,0,0,0,0,0,0,0,0,0,0,0,,,,,,,,
0.210526316,0.315789474,0.065217391,0.157894737,0.086956522,0.065217391,0.108695652,8,0.043478261,,,,,0.086956522,0.086956522,,,subjects_059,0.052631579,,,0.043478261,0.043478261,,,,,,0.108695652,0.02173913,6,0.02173913,0.02173913,,,,,,,,,,,,,,,4,,,,,0.157894737,0.195652174,0.065217391,0.065217391,,0.065217391,,,,,,,,,,,,,
,0,0,0,0,0,0,0,0,0,0,0,0,0,0,0,0,,0,0,0,0,0,0,0,0,0,0,0,0,0,0,0,0,0,0,0,0,0,0,0,0,0,0,0,0,0,0,0,0,0,0,0,0,0,0,0,0,0,0,0,0,0,0,,,,,,,
0.571428571,0.857142857,0.054545455,0.214285714,0.090909091,0.054545455,0.072727273,4,0.127272727,0.071428571,,,0.036363636,0.036363636,0.109090909,,,subjects_063,,,0.036363636,0.018181818,0.018181818,0.018181818,,,,,0.181818182,,10,,0.036363636,,,,,,,,,,0.018181818,,,,0.357142857,8,,,,,0.214285714,0.181818182,0.090909091,0.036363636,0.018181818,0.018181818,,,,,,0.018181818,,,,,,,
,0,0,0,0,0,0,0,0,0,0,0,0,0,0,0,0,,0,0,0,0,0,0,0,0,0,0,0,0,0,0,0,0,0,0,0,0,0,0,0,0,0,0,0,0,0,0,0,0,0,0,0,0,0,0,0,0,0,0,0,0,0,0,0,,,,,,
0.272727273,0.409090909,0.044117647,0.136363636,0.044117647,0.176470588,0.176470588,6,0.132352941,0.227272727,0.088235294,,,0.029411765,0.073529412,0.029411765,,subjects_066,,,0.058823529,0.029411765,0.014705882,,,,,,,,,,,,,,,,,,,,,,,,0.136363636,10,,,,,0.090909091,0.058823529,,0.014705882,,,,,,,,,0.045454545,,,,,,
,0,0,0,0,0,0,0,0,0,0,0,0,0,0,0,0,,0,0,0,0,0,0,0,0,0,0,0,0,0,0,0,0,0,0,0,0,0,0,0,0,0,0,0,0,0,0,0,0,0,0,0,0,0,0,0,0,0,0,0,0,0,0,0,,,,,,
0.12,0.24,0.034482759,0.12,0.034482759,0.137931034,0.114942529,6,0.103448276,0.12,0.057471264,0.011494253,0.011494253,0.011494253,0.057471264,,,subjects_067,,,0.011494253,,0.011494253,,,,,,0.011494253,,2,0.022988506,0.022988506,,,,,,,,,,,,,0.011494253,,,,,,,0.12,0.045977011,,0.011494253,,,,,,,,,,,,,,,
,0,0,0,0,0,0,0,0,0,0,0,0,0,0,0,0,,0,0,0,0,0,0,0,0,0,0,0,0,0,0,0,0,0,0,0,0,0,0,0,0,0,0,0,0,0,0,0,0,0,0,0,0,0,0,0,0,0,0,0,0,0,0,0,,,,,,
0.103448276,0.275862069,0.027522936,0.137931034,0.073394495,0.155963303,0.23853211,10,0.201834862,0.275862069,0.165137615,0.018348624,0.04587156,0.100917431,,,,subjects_069,,0.009174312,,,0.009174312,0.018348624,,,,,0.073394495,,2,0.009174312,0.009174312,,,,,,,,,,,,,,,4,,,,,0.103448276,0.027522936,,,,,,,0.034482759,,,,,,,,,,
,0,0,0,0,0,0,0,0,0,0,0,0,0,0,0,0,,0,0,0,0,0,0,0,0,0,0,0,0,0,0,0,0,0,0,0,0,0,0,0,0,0,0,0,0,0,0,0,0,0,0,0,0,0,0,0,0,0,0,0,0,0,0,0,,,,,,
0.130434783,0.304347826,0.035714286,0.130434783,0.035714286,0.142857143,0.261904762,12,0.214285714,0.347826087,0.154761905,0.011904762,,0.071428571,0.071428571,0.023809524,,subjects_070,,,,0.011904762,0.011904762,0.023809524,,,,,0.023809524,,2,,,,,,,,,,,,,,,,,2,,,,,0.130434783,0.035714286,,,,,,,,,,,,,,,,,
,0,0,0,0,0,0,0,0,0,0,0,0,0,0,0,0,,0,0,0,0,0,0,0,0,0,0,0,0,0,0,0,0,0,0,0,0,0,0,0,0,0,0,0,0,0,0,0,0,0,0,0,0,0,0,0,0,0,0,0,0,0,0,0,0,,,,,
0.230769231,0.384615385,0.111111111,0.230769231,0.333333333,0.185185185,0.777777778,6,0.666666667,0.230769231,0.481481481,0.037037037,0.333333333,0.148148148,0.074074074,,,subjects_082,,,0.037037037,0.037037037,0.037037037,,,,0.037037037,0.037037037,0.037037037,,4,0.111111111,0.074074074,,,,,,,,,,,,,,,,,,,,0.230769231,0.111111111,,,0.074074074,,,,,,,,,0.037037037,,,,,
,0,0,0,0,0,0,0,0,0,0,0,0,0,0,0,0,,0,0,0,0,0,0,0,0,0,0,0,0,0,0,0,0,0,0,0,0,0,0,0,0,0,0,0,0,0,0,0,0,0,0,0,0,0,0,0,0,0,0,0,0,0,0,0,0,,,,,
0.176470588,0.294117647,0.063829787,0.176470588,0.191489362,0.234042553,0.361702128,14,0.425531915,0.176470588,0.127659574,,0.234042553,0.042553191,0.021276596,,,subjects_083,,,0.042553191,,,,,,,,0.127659574,,2,,,0.042553191,,,,,,,,,0.042553191,,,,,8,,,,,0.176470588,0.106382979,0.021276596,0.021276596,,,,0.042553191,,,,,,0.063829787,,,,,
,0,0,0,0,0,0,0,0,0,0,0,0,0,0,0,0,,0,0,0,0,0,0,0,0,0,0,0,0,0,0,0,0,0,0,0,0,0,0,0,0,0,0,0,0,0,0,0,0,0,0,0,0,0,0,0,0,0,0,0,0,0,0,0,0,,,,,
0.148148148,0.333333333,0.024793388,0.111111111,0.115702479,0.107438017,0.115702479,14,0.074380165,0.148148148,0.008264463,,,0.066115702,0.033057851,,,subjects_085,,,0.016528926,0.05785124,0.008264463,,,,,,0.016528926,,8,0.016528926,0.016528926,,,,,,,,,,,,,,0.037037037,4,,,,,0.111111111,0.049586777,0.016528926,0.008264463,,,,,,,,,,,,,,,
,0,0,0,0,0,0,0,0,0,0,0,0,0,0,0,0,,0,0,0,0,0,0,0,0,0,0,0,0,0,0,0,0,0,0,0,0,0,0,0,0,0,0,0,0,0,0,0,0,0,0,0,0,0,0,0,0,0,0,0,0,0,0,0,0,,,,,
0.107142857,0.142857143,0.036585366,0.107142857,0.048780488,0.146341463,0.219512195,2,0.219512195,0.071428571,0.182926829,,0.012195122,,0.048780488,,,subjects_100,,,0.036585366,,,,,,,0.012195122,0.073170732,,,,,0.012195122,,,,,,,,,0.012195122,,,,,4,,,,,0.107142857,0.036585366,,,,,,,,,,,,,,,,,
,0,0,0,0,0,0,0,0,0,0,0,0,0,0,0,0,,0,0,0,0,0,0,0,0,0,0,0,0,0,0,0,0,0,0,0,0,0,0,0,0,0,0,0,0,0,0,0,0,0,0,0,0,0,0,0,0,0,0,0,0,0,0,0,0,,,,,
0.166666667,0.25,0.027272727,0.125,,0.027272727,,4,,,,,0.009090909,,0.027272727,,,subjects_105,,,,,,,,,,,0.027272727,,2,,,0.009090909,,,,,,,,,0.018181818,,,,0.083333333,,,,,,0.125,0.027272727,,,,,,0.018181818,,,,,,,,,,,
,0,0,0,0,0,0,0,0,0,0,0,0,0,0,0,0,,0,0,0,0,0,0,0,0,0,0,0,0,0,0,0,0,0,0,0,0,0,0,0,0,0,0,0,0,0,0,0,0,0,0,0,0,0,0,0,0,0,0,0,0,0,0,0,0,,,,,
0.103448276,0.103448276,0.044117647,0.103448276,0.117647059,0.147058824,0.147058824,,0.161764706,,0.058823529,,0.147058824,0.014705882,,0.014705882,,subjects_109,,,0.088235294,0.029411765,0.044117647,,,,,,0.147058824,0.014705882,,,0.029411765,,,,,,,,,,0.014705882,,,,,,,,,,0.103448276,0.044117647,,,,,,0.073529412,,,,,,,,,,,
,0,0,0,0,0,0,0,0,0,0,0,0,0,0,0,0,,0,0,0,0,0,0,0,0,0,0,0,0,0,0,0,0,0,0,0,0,0,0,0,0,0,0,0,0,0,0,0,0,0,0,0,0,0,0,0,0,0,0,0,0,0,0,0,0,,,,,
0.3125,0.5625,0.063829787,0.1875,0.085106383,0.106382979,0.14893617,2,0.106382979,0.1875,0.106382979,,0.085106383,0.021276596,0.063829787,0.042553191,,subjects_113,,,,0.021276596,,,,,0.042553191,,0.085106383,0.106382979,12,,,,,,,,,,,,,,,,0.125,,,,,,0.1875,0.127659574,,0.063829787,,,,,,,,,,,,,,,
,0,0,0,0,0,0,0,0,0,0,0,0,0,0,0,0,,0,0,0,0,0,0,0,0,0,0,0,0,0,0,0,0,0,0,0,0,0,0,0,0,0,0,0,0,0,0,0,0,0,0,0,0,0,0,0,0,0,0,0,0,0,0,0,0,,,,,
0.148148148,0.185185185,0.044776119,0.185185185,0.029850746,0.119402985,0.164179104,,0.179104478,0.074074074,0.074626866,,,0.044776119,,0.014925373,,subjects_118,,,,0.029850746,,,,,,,,,,0.014925373,,,,,,,,,,,,,,,0.037037037,,,,,,0.111111111,0.044776119,,,0.014925373,,,,0.074074074,,,,,,,,,,
,0,0,0,0,0,0,0,0,0,0,0,0,0,0,0,0,,0,0,0,0,0,0,0,0,0,0,0,0,0,0,0,0,0,0,0,0,0,0,0,0,0,0,0,0,0,0,0,0,0,0,0,0,0,0,0,0,0,0,0,0,0,0,0,0,,,,,
0.333333333,0.476190476,0.030612245,0.142857143,0.040816327,0.071428571,0.051020408,6,0.010204082,0.047619048,,,,0.010204082,0.091836735,,,subjects_119,,,0.010204082,0.020408163,0.030612245,0.010204082,,,0.020408163,,0.020408163,0.010204082,10,,,,,,,,,,,,,,,,0.238095238,4,,,,,0.142857143,0.071428571,0.020408163,0.020408163,,0.010204082,,,,,,,,0.010204082,,,,,
,0,0,0,0,0,0,0,0,0,0,0,0,0,0,0,0,,0,0,0,0,0,0,0,0,0,0,0,0,0,0,0,0,0,0,0,0,0,0,0,0,0,0,0,0,0,0,0,0,0,0,0,0,0,0,0,0,0,0,0,0,0,0,0,0,0,,,,
0.176470588,0.411764706,0.034883721,0.176470588,0.069767442,0.081395349,0.104651163,4,0.046511628,0.117647059,0.011627907,,0.034883721,,0.058139535,0.011627907,,subjects_121,,,0.023255814,,,,0.034883721,,,,0.069767442,0.023255814,10,0.011627907,0.011627907,,,0.011627907,,,,,,,,,,,,2,,,,,0.176470588,0.046511628,0.011627907,,,,,,,,,,,,0.011627907,,,,
,0,0,0,0,0,0,0,0,0,0,0,0,0,0,0,0,,0,0,0,0,0,0,0,0,0,0,0,0,0,0,0,0,0,0,0,0,0,0,0,0,0,0,0,0,0,0,0,0,0,0,0,0,0,0,0,0,0,0,0,0,0,0,0,0,0,,,,
0.090909091,0.363636364,0.032967033,0.333333333,0.054945055,0.098901099,0.120879121,2,0.175824176,0.303030303,0.076923077,,,0.010989011,,,,subjects_126,,0.021978022,0.010989011,,0.010989011,,,,0.010989011,,0.065934066,,2,,,,,,,,,,,,,,,,,2,,,,,0.090909091,0.032967033,,,,,,,0.242424242,,,,,,,,,,
,0,0,0,0,0,0,0,0,0,0,0,0,0,0,0,0,,0,0,0,0,0,0,0,0,0,0,0,0,0,0,0,0,0,0,0,0,0,0,0,0,0,0,0,0,0,0,0,0,0,0,0,0,0,0,0,0,0,0,0,0,0,0,0,0,0,,,,
0.096774194,0.161290323,0.039473684,0.096774194,0.092105263,0.118421053,0.157894737,4,0.144736842,0.129032258,0.118421053,,0.013157895,,,0.026315789,,subjects_132,,,,,,,,,,,0.013157895,,,0.013157895,,,,,,,,,,,,,,,,,,,,,0.096774194,0.039473684,,,,,,,,,,,,,,,,,
,0,0,0,0,0,0,0,0,0,0,0,0,0,0,0,0,,0,0,0,0,0,0,0,0,0,0,0,0,0,0,0,0,0,0,0,0,0,0,0,0,0,0,0,0,0,0,0,0,0,0,0,0,0,0,0,0,0,0,0,0,0,0,0,0,0,,,,
0.25,0.375,0.047619048,0.1875,,0.079365079,0.142857143,6,0.015873016,0.0625,,,0.015873016,0.063492063,0.095238095,,,subjects_133,,,,0.015873016,0.015873016,,0.015873016,,,,,,,0.015873016,,0.047619048,,,,,,,,,0.047619048,,,,0.125,8,,0.031746032,,,0.1875,0.047619048,,,,0.015873016,,0.031746032,,,,,,,,,,,
,0,0,0,0,0,0,0,0,0,0,0,0,0,0,0,0,,0,0,0,0,0,0,0,0,0,0,0,0,0,0,0,0,0,0,0,0,0,0,0,0,0,0,0,0,0,0,0,0,0,0,0,0,0,0,0,0,0,0,0,0,0,0,0,0,0,,,,
0.15,0.3,0.065217391,0.25,,0.130434783,0.260869565,,0.130434783,0.2,0.152173913,,,0.043478261,0.02173913,,,subjects_148,,0.043478261,0.02173913,0.02173913,,,0.02173913,,,,,,,,,0.02173913,,,,,,,,,,,,,,4,,,,,0.15,0.065217391,,,,,,,0.1,,,,,,,,,,
,0,0,0,0,0,0,0,0,0,0,0,0,0,0,0,0,,0,0,0,0,0,0,0,0,0,0,0,0,0,0,0,0,0,0,0,0,0,0,0,0,0,0,0,0,0,0,0,0,0,0,0,0,0,0,0,0,0,0,0,0,0,0,0,0,0,,,,
0.173913043,0.260869565,0.03125,0.130434783,0.03125,0.052083333,0.291666667,14,0.1875,0.217391304,0.114583333,,0.020833333,0.0625,0.083333333,0.010416667,,subjects_149,0.043478261,,0.010416667,,,0.041666667,,,,,0.03125,,4,,,,,,,,,,,,,,,,,4,,,,,0.130434783,0.03125,,,0.010416667,,,,,,,0.010416667,,,,,,,
,0,0,0,0,0,0,0,0,0,0,0,0,0,0,0,0,,0,0,0,0,0,0,0,0,0,0,0,0,0,0,0,0,0,0,0,0,0,0,0,0,0,0,0,0,0,0,0,0,0,0,0,0,0,0,0,0,0,0,0,0,0,0,0,0,0,,,,
0.333333333,0.75,0.057692308,0.25,0.115384615,0.25,0.5,12,0.269230769,0.75,0.211538462,0.038461538,0.153846154,0.057692308,0.019230769,,,subjects_152,0.083333333,,0.076923077,0.038461538,,,,,,,,,,0.019230769,0.038461538,,,,,,,,,,,,,,,6,,,,,0.25,0.057692308,,,,,,,,,,,,,,,,,
,0,0,0,0,0,0,0,0,0,0,0,0,0,0,0,0,,0,0,0,0,0,0,0,0,0,0,0,0,0,0,0,0,0,0,0,0,0,0,0,0,0,0,0,0,0,0,0,0,0,0,0,0,0,0,0,0,0,0,0,0,0,0,0,0,0,0,,,
1.333333333,1.166666667,0.045454545,0.5,0.060606061,0.075757576,0.151515152,8,0.015151515,1.333333333,0.060606061,,0.045454545,0.015151515,0.075757576,,,subjects_161,0.5,,0.015151515,,,0.090909091,,,0.045454545,,0.015151515,0.075757576,2,0.015151515,,0.03030303,,,,,,,,,0.015151515,,,0.075757576,0.333333333,8,,,,,0.5,0.045454545,,,,,,0.015151515,,,,,,0.015151515,,0.333333333,,,
,0,0,0,0,0,0,0,0,0,0,0,0,0,0,0,0,,0,0,0,0,0,0,0,0,0,0,0,0,0,0,0,0,0,0,0,0,0,0,0,0,0,0,0,0,0,0,0,0,0,0,0,0,0,0,0,0,0,0,0,0,0,0,0,0,0,0,,,
0.172413793,0.206896552,0.035294118,0.103448276,0.082352941,0.070588235,0.023529412,6,0.035294118,0.137931034,0.047058824,,0.047058824,,0.176470588,,,subjects_166,,,,0.011764706,0.011764706,,0.023529412,,,,,,6,0.047058824,0.023529412,0.047058824,,,,,0.035294118,,,,0.058823529,,,,0.103448276,,,,,,0.103448276,0.129411765,0.094117647,,,,,0.023529412,,,,,,,,,,,
,0,0,0,0,0,0,0,0,0,0,0,0,0,0,0,0,,0,0,0,0,0,0,0,0,0,0,0,0,0,0,0,0,0,0,0,0,0,0,0,0,0,0,0,0,0,0,0,0,0,0,0,0,0,0,0,0,0,0,0,0,0,0,0,0,0,0,,,
6,12,6,6,8,30,46,16,40,12,26,,6,8,2,,,subjects_169,,2,6,2,,,2,,,,8,,,10,12,2,2,2,,,,,,,6,,,,,2,,,,,6,6,,,,,,2,,,,,,,,,,,
,0,0,0,0,0,0,0,0,0,0,0,0,0,0,0,0,,0,0,0,0,0,0,0,0,0,0,0,0,0,0,0,0,0,0,0,0,0,0,0,0,0,0,0,0,0,0,0,0,0,0,0,0,0,0,0,0,0,0,0,0,0,0,0,0,0,0,,,
6,14,6,10,10,24,42,,20,10,20,,4,2,8,,,subjects_170,,,,,,,,,,,,,6,,,,,,,,,,,,,,,,,,,,,,6,6,,,,,,,4,,,,,,,,,,
,0,0,0,0,0,0,0,0,0,0,0,0,0,0,0,0,,0,0,0,0,0,0,0,0,0,0,0,0,0,0,0,0,0,0,0,0,0,0,0,0,0,0,0,0,0,0,0,0,0,0,0,0,0,0,0,0,0,0,0,0,0,0,0,0,0,0,0,0,0
10,12,6,6,12,28,28,16,34,18,16,,6,2,8,4,,subjects_177,2,,,,,,,,2,,2,8,6,,,2,22,4,,,,,,8,6,,4,2,2,,,,,2,6,8,2,,,,2,2,,,4,,,,,,8,6,2
,0,0,0,0,0,0,0,0,0,0,0,0,0,0,0,0,,0,0,0,0,0,0,0,0,0,0,0,0,0,0,0,0,0,0,0,0,0,0,0,0,0,0,0,0,0,0,0,0,0,0,0,0,0,0,0,0,0,0,0,0,0,0,0,0,0,0,0,0,0
8,18,6,6,22,26,40,26,38,24,22,,2,22,6,,,subjects_178,,6,4,2,4,6,,,,,16,,,4,4,,,,,,,,,,,,,,2,,,,,,6,6,,,,,,,,,,,,,,,,,
,0,0,0,0,0,0,0,0,0,0,0,0,0,0,0,0,,0,0,0,0,0,0,0,0,0,0,0,0,0,0,0,0,0,0,0,0,0,0,0,0,0,0,0,0,0,0,0,0,0,0,0,0,0,0,0,0,0,0,0,0,0,0,0,0,0,0,0,0,0
6,12,6,10,2,14,16,6,10,6,8,2,2,2,4,,,subjects_180,,,,10,,,,,,,4,2,,2,2,,,,,,,,,,,,,,,,,,,,6,6,,,,,,,4,,,,,,,,,,
,0,0,0,0,0,0,0,0,0,0,0,0,0,0,0,0,,0,0,0,0,0,0,0,0,0,0,0,0,0,0,0,0,0,0,0,0,0,0,0,0,0,0,0,0,0,0,0,0,0,0,0,0,0,0,0,0,0,0,0,0,0,0,0,0,0,0,0,0,0
16,12,6,6,4,2,4,4,,2,,,,2,12,4,2,subjects_181,,,,4,,,4,,6,,4,,2,2,2,,,,,,,,,,,,,,10,6,,,,,6,6,,,,,,,,,,,,,,,,,
,0,0,0,0,0,0,0,0,0,0,0,0,0,0,0,0,,0,0,0,0,0,0,0,0,0,0,0,0,0,0,0,0,0,0,0,0,0,0,0,0,0,0,0,0,0,0,0,0,0,0,0,0,0,0,0,0,0,0,0,0,0,0,0,0,0,0,0,0,0
6,6,6,6,2,16,38,8,10,8,14,,,10,,,,subjects_186,,,8,,,,,,,,,,,,,,,,,,,,,,,,,,,,,,,,6,6,,,,,,,,,,,,,,,,,
,0,0,0,0,0,0,0,0,0,0,0,0,0,0,0,0,,0,0,0,0,0,0,0,0,0,0,0,0,0,0,0,0,0,0,0,0,0,0,0,0,0,0,0,0,0,0,0,0,0,0,0,0,0,0,0,0,0,0,0,0,0,0,0,0,0,0,0,0,0
6,10,6,6,10,12,22,8,14,8,12,,,2,8,2,,subjects_191,,,4,2,,4,,,,,2,2,,,,,,,,,,,,,2,,,,,2,,,,,6,6,,,,,,,,,,2,,,,,,,
,0,0,0,0,0,0,0,0,0,0,0,0,0,0,0,0,,0,0,0,0,0,0,0,0,0,0,0,0,0,0,0,0,0,0,0,0,0,0,0,0,0,0,0,0,0,0,0,0,0,0,0,0,0,0,0,0,0,0,0,0,0,0,0,0,0,0,0,0,0
6,18,6,6,2,24,38,8,6,8,12,,2,16,8,,,subjects_199,,2,,4,4,,,,,,6,,2,,,,,,,,,,,,,,,,,2,,,,,6,6,,,,,,,,,,,,,,,,,
,0,0,0,0,0,0,0,0,0,0,0,0,0,0,0,0,,0,0,0,0,0,0,0,0,0,0,0,0,0,0,0,0,0,0,0,0,0,0,0,0,0,0,0,0,0,0,0,0,0,0,0,0,0,0,0,0,0,0,0,0,0,0,0,0,0,0,0,0,0
10,32,6,10,4,24,14,12,24,18,10,,,6,2,2,2,subjects_203,,,,,,,,,2,,6,2,10,6,6,,6,2,,,10,,,2,22,,4,22,4,8,,,,,6,8,,2,,8,,,4,,2,,,,4,,,,
,0,0,0,0,0,0,0,0,0,0,0,0,0,0,0,0,,0,0,0,0,0,0,0,0,0,0,0,0,0,0,0,0,0,0,0,0,0,0,0,0,0,0,0,0,0,0,0,0,0,0,0,0,0,0,0,0,0,0,0,0,0,0,0,0,0,0,0,0,0
6,16,6,8,4,28,40,10,26,10,22,,2,4,6,,,subjects_204,,,,,,,2,,,,6,2,2,8,8,2,,,,,,,,,2,,,,,2,,,,,6,6,,,,,,,2,,,,,,,,,,
,0,0,0,0,0,0,0,0,0,0,0,0,0,0,0,0,,0,0,0,0,0,0,0,0,0,0,0,0,0,0,0,0,0,0,0,0,0,0,0,0,0,0,0,0,0,0,0,0,0,0,0,0,0,0,0,0,0,0,0,0,0,0,0,0,0,0,0,0,0
6,16,6,6,6,4,6,8,30,,,,,4,2,2,,subjects_209,,,2,4,,2,,,4,,8,,4,2,4,,,,,,,,,,,,,,,2,,,,,6,20,16,2,,,,,,,,,,,,,,,
,0,0,0,0,0,0,0,0,0,0,0,0,0,0,0,0,,0,0,0,0,0,0,0,0,0,0,0,0,0,0,0,0,0,0,0,0,0,0,0,0,0,0,0,0,0,0,0,0,0,0,0,0,0,0,0,0,0,0,0,0,0,0,0,0,0,0,0,0,0
14,12,6,6,16,30,34,12,14,8,2,,12,2,22,2,,subjects_210,,,8,,10,,10,,4,,22,2,4,2,4,,,2,,,2,,,,2,,,,8,,,,,,6,6,,,,2,,2,,,,,,,,,,,
,0,0,0,0,0,0,0,0,0,0,0,0,0,0,0,0,,0,0,0,0,0,0,0,0,0,0,0,0,0,0,0,0,0,0,0,0,0,0,0,0,0,0,0,0,0,0,0,0,0,0,0,0,0,0,0,0,0,0,0,0,0,0,0,0,0,0,0,0,0
12,10,6,6,,20,42,6,26,6,26,,2,6,,2,,subjects_211,,,,,,,,,2,,4,,4,,,,,,,,,,,,,,,,6,,,,,,6,6,,,,,,,,,,,,,,,,,
,0,0,0,0,0,0,0,0,0,0,0,0,0,0,0,0,,0,0,0,0,0,0,0,0,0,0,0,0,0,0,0,0,0,0,0,0,0,0,0,0,0,0,0,0,0,0,0,0,0,0,0,0,0,0,0,0,0,0,0,0,0,0,0,0,0,0,0,0,0
6,16,6,6,16,4,22,6,24,12,8,2,10,8,24,4,,subjects_214,,,6,6,2,,,,,,12,,2,,,,,,,,,,,,,,,,,4,,,,,6,10,,4,,,,,,,,,,,,,,,
,0,0,0,0,0,0,0,0,0,0,0,0,0,0,0,0,,0,0,0,0,0,0,0,0,0,0,0,0,0,0,0,0,0,0,0,0,0,0,0,0,0,0,0,0,0,0,0,0,0,0,0,0,0,0,0,0,0,0,0,0,0,0,0,0,0,0,0,0,0
6,12,6,6,2,22,10,4,10,6,,,,,20,2,2,subjects_215,,,,,,,2,,,,,,4,2,2,,,,,,,,,,4,,,,,,,,,,6,6,,,,,,,,,,,,,,,,,
,0,0,0,0,0,0,0,0,0,0,0,0,0,0,0,0,,0,0,0,0,0,0,0,0,0,0,0,0,0,0,0,0,0,0,0,0,0,0,0,0,0,0,0,0,0,0,0,0,0,0,0,0,0,0,0,0,0,0,0,0,0,0,0,0,0,0,0,0,0
6,12,6,6,4,2,2,2,,4,,,6,2,4,2,,subjects_217,,,2,,,,4,,,,6,2,2,,,,,,,,2,,,,,,,,,,,,,,6,8,,2,,,,,,,,,,,,,,,
,0,0,0,0,0,0,0,0,0,0,0,0,0,0,0,0,,0,0,0,0,0,0,0,0,0,0,0,0,0,0,0,0,0,0,0,0,0,0,0,0,0,0,0,0,0,0,0,0,0,0,0,0,0,0,0,0,0,0,0,0,0,0,0,0,0,0,0,0,0
24,14,6,6,6,30,30,6,22,8,16,,4,12,12,2,4,subjects_219,,,8,2,2,,,,2,,,,10,2,2,4,,,,,,,,,6,,,,20,14,,,,,6,12,,6,,2,,2,,,,,,,,,,,
,0,0,0,0,0,0,0,0,0,0,0,0,0,0,0,0,,0,0,0,0,0,0,0,0,0,0,0,0,0,0,0,0,0,0,0,0,0,0,0,0,0,0,0,0,0,0,0,0,0,0,0,0,0,0,0,0,0,0,0,0,0,0,0,0,0,0,0,0,0
8,14,6,6,4,10,18,6,8,2,4,,4,4,10,2,,subjects_225,,,,2,,,2,,,,2,,2,,,2,,,,,,,,,2,,,,2,,,,,2,6,8,,2,,2,,,,,,,,,,,,,
,0,0,0,0,0,0,0,0,0,0,0,0,0,0,0,0,,0,0,0,0,0,0,0,0,0,0,0,0,0,0,0,0,0,0,0,0,0,0,0,0,0,0,0,0,0,0,0,0,0,0,0,0,0,0,0,0,0,0,0,0,0,0,0,0,0,0,0,0,0
6,10,6,6,4,10,18,2,6,4,8,,2,6,16,6,4,subjects_226,,,,4,6,,,,,,6,2,2,,,,,,,,,,,,,,,,,,,,,,6,6,,,2,,,,,,,,,,,,,,
,0,0,0,0,0,0,0,0,0,0,0,0,0,0,0,0,,0,0,0,0,0,0,0,0,0,0,0,0,0,0,0,0,0,0,0,0,0,0,0,0,0,0,0,0,0,0,0,0,0,0,0,0,0,0,0,0,0,0,0,0,0,0,0,0,0,0,0,0,0
8,8,6,6,8,16,50,16,54,16,36,6,10,10,,,,subjects_227,,,6,2,,2,,,,,24,,4,,,,,,,,,,,,,,,,2,,,,,,6,6,,,6,,,,,,,,,,,,,,
,0,0,0,0,0,0,0,0,0,0,0,0,0,0,0,0,,0,0,0,0,0,0,0,0,0,0,0,0,0,0,0,0,0,0,0,0,0,0,0,0,0,0,0,0,0,0,0,0,0,0,0,0,0,0,0,0,0,0,0,0,0,0,0,0,0,0,0,0,0
8,12,6,6,4,10,28,4,20,12,10,,2,2,8,,,subjects_236,,2,,2,,,4,,,,,,8,2,,,,2,,,,,,,,,,,2,,,4,,,6,6,,,,,,,,,2,,,,2,,,,
,0,0,0,0,0,0,0,0,0,0,0,0,0,0,0,0,,0,0,0,0,0,0,0,0,0,0,0,0,0,0,0,0,0,0,0,0,0,0,0,0,0,0,0,0,0,0,0,0,0,0,0,0,0,0,0,0,0,0,0,0,0,0,0,0,0,0,0,0,0
12,18,6,6,16,18,32,4,4,10,16,,10,8,12,,,subjects_238,,,4,,4,4,,,2,,14,,,2,2,,,,,,,,,,,,,,8,8,,,,,6,8,,2,,,,,,,,,,,,,,,
,0,0,0,0,0,0,0,0,0,0,0,0,0,0,0,0,,0,0,0,0,0,0,0,0,0,0,0,0,0,0,0,0,0,0,0,0,0,0,0,0,0,0,0,0,0,0,0,0,0,0,0,0,0,0,0,0,0,0,0,0,0,0,0,0,0,0,0,0,0
6,8,6,6,4,16,40,8,12,12,16,,12,,2,,,subjects_239,,,,,,,,,2,,,,,2,2,,,,,,,,,,,,,,,2,,,,,6,6,,,,,,,,,,,,,,,,,
,0,0,0,0,0,0,0,0,0,0,0,0,0,0,0,0,,0,0,0,0,0,0,0,0,0,0,0,0,0,0,0,0,0,0,0,0,0,0,0,0,0,0,0,0,0,0,0,0,0,0,0,0,0,0,0,0,0,0,0,0,0,0,0,0,0,0,0,0,0
6,8,6,6,10,34,36,6,44,12,16,,6,,16,2,,subjects_240,,,2,2,2,2,8,,2,,10,,8,8,4,,,,,,,,,,2,,,,,8,,,,,6,6,,,,,,,,,,2,,,,,,,
,0,0,0,0,0,0,0,0,0,0,0,0,0,0,0,0,,0,0,0,0,0,0,0,0,0,0,0,0,0,0,0,0,0,0,0,0,0,0,0,0,0,0,0,0,0,0,0,0,0,0,0,0,0,0,0,0,0,0,0,0,0,0,0,0,0,0,0,0,0
6,6,6,6,6,14,36,,32,,16,2,10,2,10,,,subjects_244,,,,2,,,,,2,,10,,,,,,,,,,,,,,,,,,,,,,,,6,6,,,,,,,,,,,,,,,,,
,0,0,0,0,0,0,0,0,0,0,0,0,0,0,0,0,,0,0,0,0,0,0,0,0,0,0,0,0,0,0,0,0,0,0,0,0,0,0,0,0,0,0,0,0,0,0,0,0,0,0,0,0,0,0,0,0,0,0,0,0,0,0,0,0,0,0,0,0,0
8,16,6,12,,24,34,6,18,10,10,2,2,2,12,2,,subjects_250,,,,,2,6,,,,,,,,4,,,,,,,,,,,,,,,2,4,,,,,6,6,,,,,,,6,,,6,,,,,,,
,0,0,0,0,0,0,0,0,0,0,0,0,0,0,0,0,,0,0,0,0,0,0,0,0,0,0,0,0,0,0,0,0,0,0,0,0,0,0,0,0,0,0,0,0,0,0,0,0,0,0,0,0,0,0,0,0,0,0,0,0,0,0,0,0,0,0,0,0,0
6,24,6,6,8,6,12,6,6,4,4,,,12,14,,,subjects_251,,,,4,,,,,,,,,4,4,6,,,,,,,,,,,,,,,4,,,,,6,6,,,,,,,,,,,,,,,,,
,0,0,0,0,0,0,0,0,0,0,0,0,0,0,0,0,,0,0,0,0,0,0,0,0,0,0,0,0,0,0,0,0,0,0,0,0,0,0,0,0,0,0,0,0,0,0,0,0,0,0,0,0,0,0,0,0,0,0,0,0,0,0,0,0,0,0,0,0,0
6,12,6,8,,8,22,2,18,6,8,,,2,12,,,subjects_254,,,,,2,,,,,2,2,,2,4,2,,,,,,,,,,,,,,,,,,,,6,6,,,,,,,2,,,,,,,,,,
,0,0,0,0,0,0,0,0,0,0,0,0,0,0,0,0,,0,0,0,0,0,0,0,0,0,0,0,0,0,0,0,0,0,0,0,0,0,0,0,0,0,0,0,0,0,0,0,0,0,0,0,0,0,0,0,0,0,0,0,0,0,0,0,0,0,0,0,0,0
6,24,6,8,6,22,34,6,20,8,12,2,,8,10,,,subjects_256,,,,,2,2,4,,,,8,,4,2,2,,,,,,,,,,,,,,,2,,,,,6,8,,2,,,,,2,,,,,,,,,,
,0,0,0,0,0,0,0,0,0,0,0,0,0,0,0,0,,0,0,0,0,0,0,0,0,0,0,0,0,0,0,0,0,0,0,0,0,0,0,0,0,0,0,0,0,0,0,0,0,0,0,0,0,0,0,0,0,0,0,0,0,0,0,0,0,0,0,0,0,0
12,18,6,6,14,16,26,12,8,6,4,,10,6,10,4,4,subjects_258,2,,,,,,,,,,4,,4,4,4,,,4,,,,,,,,,,,4,,,,,,6,8,2,,,,,,,,,,,,,,,,
,0,0,0,0,0,0,0,0,0,0,0,0,0,0,0,0,,0,0,0,0,0,0,0,0,0,0,0,0,0,0,0,0,0,0,0,0,0,0,0,0,0,0,0,0,0,0,0,0,0,0,0,0,0,0,0,0,0,0,0,0,0,0,0,0,0,0,0,0,0
6,8,6,6,10,14,26,8,16,10,12,,2,4,18,,,subjects_262,,,,4,,,,,,,8,,2,4,,,,,,,,,,,,,,,,,,,,,6,6,,,,,,,,,,,,,,,,,
,0,0,0,0,0,0,0,0,0,0,0,0,0,0,0,0,,0,0,0,0,0,0,0,0,0,0,0,0,0,0,0,0,0,0,0,0,0,0,0,0,0,0,0,0,0,0,0,0,0,0,0,0,0,0,0,0,0,0,0,0,0,0,0,0,0,0,0,0,0
12,10,6,6,20,22,46,4,14,6,22,,2,8,2,,,subjects_263,,,10,,,,,,,,24,,6,4,4,,,,,,,,,,4,,,,6,,,,,,6,6,,,,,,2,,,,,,,,,,,
,0,0,0,0,0,0,0,0,0,0,0,0,0,0,0,0,,0,0,0,0,0,0,0,0,0,0,0,0,0,0,0,0,0,0,0,0,0,0,0,0,0,0,0,0,0,0,0,0,0,0,0,0,0,0,0,0,0,0,0,0,0,0,0,0,0,0,0,0,0
6,12,6,6,4,14,10,2,6,2,2,,4,2,12,,,subjects_267,,,4,2,2,,,,,,6,,8,4,2,,,,,,,,,,10,,,,2,,,,,,6,6,,,,,,,,,,,,,,,,,
,0,0,0,0,0,0,0,0,0,0,0,0,0,0,0,0,,0,0,0,0,0,0,0,0,0,0,0,0,0,0,0,0,0,0,0,0,0,0,0,0,0,0,0,0,0,0,0,0,0,0,0,0,0,0,0,0,0,0,0,0,0,0,0,0,0,0,0,0,0
8,8,6,6,8,26,44,6,20,6,24,,2,,6,2,2,subjects_272,,,2,,,2,6,,,,,,4,,,,,4,,,2,,,,2,,,,2,4,,2,,,6,6,,,,2,,,,,,2,,,,,,2,
,0,0,0,0,0,0,0,0,0,0,0,0,0,0,0,0,,0,0,0,0,0,0,0,0,0,0,0,0,0,0,0,0,0,0,0,0,0,0,0,0,0,0,0,0,0,0,0,0,0,0,0,0,0,0,0,0,0,0,0,0,0,0,0,0,0,0,0,0,0
6,16,6,8,2,20,42,8,22,10,28,,,4,4,,,subjects_273,,,,2,,,,,,4,,,,2,2,,,,,,,,,,2,,,,,,,,,,6,6,,,2,2,,,2,,,,,,,,,,
,0,0,0,0,0,0,0,0,0,0,0,0,0,0,0,0,,0,0,0,0,0,0,0,0,0,0,0,0,0,0,0,0,0,0,0,0,0,0,0,0,0,0,0,0,0,0,0,0,0,0,0,0,0,0,0,0,0,0,0,0,0,0,0,0,0,0,0,0,0
6,18,6,6,4,26,48,16,14,16,24,,4,4,6,,,subjects_277,,,2,8,,12,,,,,8,,6,,,,,,,,,,,,,,,,,4,,,,,6,10,4,,,,,,,,,2,,,,,,,
,0,0,0,0,0,0,0,0,0,0,0,0,0,0,0,0,,0,0,0,0,0,0,0,0,0,0,0,0,0,0,0,0,0,0,0,0,0,0,0,0,0,0,0,0,0,0,0,0,0,0,0,0,0,0,0,0,0,0,0,0,0,0,0,0,0,0,0,0,0
14,20,6,6,6,36,44,2,22,14,24,2,,6,10,10,4,subjects_282,,,,,,8,2,,,,4,2,2,2,2,,,,,,,,,,4,,,,8,4,,,,,6,6,,,,,,,,,,6,,,,,,,
,0,0,0,0,0,0,0,0,0,0,0,0,0,0,0,0,,0,0,0,0,0,0,0,0,0,0,0,0,0,0,0,0,0,0,0,0,0,0,0,0,0,0,0,0,0,0,0,0,0,0,0,0,0,0,0,0,0,0,0,0,0,0,0,0,0,0,0,0,0
6,20,6,8,4,28,40,16,12,14,6,,,12,10,,4,subjects_283,,,,4,,,2,,,,4,,2,2,2,4,,,,,,,,,,,,2,,,,,,,6,8,,2,,,,,2,,,,,,,,,,
,0,0,0,0,0,0,0,0,0,0,0,0,0,0,0,0,,0,0,0,0,0,0,0,0,0,0,0,0,0,0,0,0,0,0,0,0,0,0,0,0,0,0,0,0,0,0,0,0,0,0,0,0,0,0,0,0,0,0,0,0,0,0,0,0,0,0,0,0,0
10,16,6,6,6,28,16,4,14,10,14,12,,12,,,2,subjects_284,,,4,4,,20,,,,,4,,8,4,2,,,,,,,,,,,,,,4,4,,,,,6,6,,,2,,,,,,,10,2,,,,,,
,0,0,0,0,0,0,0,0,0,0,0,0,0,0,0,0,,0,0,0,0,0,0,0,0,0,0,0,0,0,0,0,0,0,0,0,0,0,0,0,0,0,0,0,0,0,0,0,0,0,0,0,0,0,0,0,0,0,0,0,0,0,0,0,0,0,0,0,0,0
8,6,6,6,,16,34,6,26,8,8,,6,,8,,,subjects_285,,,,,,,2,,,,,2,2,4,4,,,,,,,,,,4,,,,2,,,,,,6,6,,,,,,,,,,,,,,,,,
,0,0,0,0,0,0,0,0,0,0,0,0,0,0,0,0,,0,0,0,0,0,0,0,0,0,0,0,0,0,0,0,0,0,0,0,0,0,0,0,0,0,0,0,0,0,0,0,0,0,0,0,0,0,0,0,0,0,0,0,0,0,0,0,0,0,0,0,0,0
6,14,6,6,8,28,28,10,16,6,8,,6,6,10,,,subjects_286,,,2,10,,,2,,2,,12,6,6,6,6,,,,,,,,,,,,,,,,,,,,6,14,8,,,2,,,,,2,,,,,,,,
,0,0,0,0,0,0,0,0,0,0,0,0,0,0,0,0,,0,0,0,0,0,0,0,0,0,0,0,0,0,0,0,0,0,0,0,0,0,0,0,0,0,0,0,0,0,0,0,0,0,0,0,0,0,0,0,0,0,0,0,0,0,0,0,0,0,0,0,0,0
6,14,6,10,,16,30,,16,8,6,,,,6,,,subjects_292,,2,,,,,,,,,2,2,2,,,,,,,,,,,,,,,,,2,,,,,6,6,,,,,,,4,,,,,,,,,,
,0,0,0,0,0,0,0,0,0,0,0,0,0,0,0,0,,0,0,0,0,0,0,0,0,0,0,0,0,0,0,0,0,0,0,0,0,0,0,0,0,0,0,0,0,0,0,0,0,0,0,0,0,0,0,0,0,0,0,0,0,0,0,0,0,0,0,0,0,0
6,14,6,8,,,,2,,2,,,,,2,,,subjects_293,,,,,,,,,,,2,,4,,,,,,,,,,,,6,,,,,,,,,,6,6,,,,2,,,2,,,,,,,,,,
,0,0,0,0,0,0,0,0,0,0,0,0,0,0,0,0,,0,0,0,0,0,0,0,0,0,0,0,0,0,0,0,0,0,0,0,0,0,0,0,0,0,0,0,0,0,0,0,0,0,0,0,0,0,0,0,0,0,0,0,0,0,0,0,0,0,0,0,0,0
6,16,6,6,8,28,38,6,10,12,24,,16,8,6,2,2,subjects_294,,,,2,,4,,,,,10,,6,6,8,,,,,,,,,,,,,,,,,,,,6,8,,2,,,,,,,,4,,,,,,,
,0,0,0,0,0,0,0,0,0,0,0,0,0,0,0,0,,0,0,0,0,0,0,0,0,0,0,0,0,0,0,0,0,0,0,0,0,0,0,0,0,0,0,0,0,0,0,0,0,0,0,0,0,0,0,0,0,0,0,0,0,0,0,0,0,0,0,0,0,0
6,6,6,6,4,32,40,16,32,10,10,,10,6,6,,,subjects_297,,,8,,2,,4,,,,,,12,4,4,2,,,,,,,,,,,,,,,,,,,6,6,,,,,,,,,,,,,,,,,
,0,0,0,0,0,0,0,0,0,0,0,0,0,0,0,0,,0,0,0,0,0,0,0,0,0,0,0,0,0,0,0,0,0,0,0,0,0,0,0,0,0,0,0,0,0,0,0,0,0,0,0,0,0,0,0,0,0,0,0,0,0,0,0,0,0,0,0,0,0
6,8,6,6,8,10,14,4,16,4,4,2,4,4,6,,,subjects_299,,,,2,2,2,,,,,,,2,6,6,,,,,,,,,,4,,,,,,,,,,6,6,,,,,,,,,,2,,,,,,,
,0,0,0,0,0,0,0,0,0,0,0,0,0,0,0,0,,0,0,0,0,0,0,0,0,0,0,0,0,0,0,0,0,0,0,0,0,0,0,0,0,0,0,0,0,0,0,0,0,0,0,0,0,0,0,0,0,0,0,0,0,0,0,0,0,0,0,0,0,0
6,12,6,8,8,20,22,6,4,4,14,,2,4,10,,,subjects_304,,,,2,4,,2,,,2,2,,8,2,2,,,,,,2,,,,,,,,,2,,,,,6,6,,,,,,,2,,,,,,,,,,
,0,0,0,0,0,0,0,0,0,0,0,0,0,0,0,0,,0,0,0,0,0,0,0,0,0,0,0,0,0,0,0,0,0,0,0,0,0,0,0,0,0,0,0,0,0,0,0,0,0,0,0,0,0,0,0,0,0,0,0,0,0,0,0,0,0,0,0,0,0
6,6,6,6,2,12,32,,20,,10,,2,8,10,2,,subjects_306,,,,10,2,,4,,,,6,,,,,,,,,,,,,,,,,,,,,,,,4,6,,,,,,,,,,,2,,,,,,
,0,0,0,0,0,0,0,0,0,0,0,0,0,0,0,0,,0,0,0,0,0,0,0,0,0,0,0,0,0,0,0,0,0,0,0,0,0,0,0,0,0,0,0,0,0,0,0,0,0,0,0,0,0,0,0,0,0,0,0,0,0,0,0,0,0,0,0,0,0
16,14,6,6,10,8,2,2,2,2,6,4,,6,10,,,subjects_307,,,2,18,4,,,,2,,8,,4,4,4,,,4,,,,,,,,,,,10,2,,,,,6,6,,,,,,4,,,,,,,,,,,
,0,0,0,0,0,0,0,0,0,0,0,0,0,0,0,0,,0,0,0,0,0,0,0,0,0,0,0,0,0,0,0,0,0,0,0,0,0,0,0,0,0,0,0,0,0,0,0,0,0,0,0,0,0,0,0,0,0,0,0,0,0,0,0,0,0,0,0,0,0
8,16,6,6,4,10,36,14,28,8,18,8,14,4,10,,,subjects_309,,2,,,2,,,,,,,,4,6,4,,,,,,,,,,2,,,,2,6,,,,,6,8,2,,6,,,,,,,,,,,,,,
