id,subjectCode,15,16,46,44,27,24,28,19,25,20,39,38,29,9,30,23,22,1,10,26,11,3,12,0,32,13,4,40,18,7,14,31,2,17,5,41,42,43,33,34,45,35,8,6,36,37,21
0,subjects_011,0.009090909,0.009090909,0.009090909,0.009090909,0.018181818,0.218181818,0.218181818,0,0.227272727,0,0.163636364,0.018181818,0.018181818,0.027272727,0.027272727,0.018181818,0.009090909,0,0,0,0,0,0,0,0,0,0,0,0,0,0,0,0,0,0,0,0,0,0,0,0,0,0,0,0,0,0
1,subjects_012,0.009259259,0.009259259,0.009259259,0.009259259,0.055555556,0.12037037,0.185185185,0,0.166666667,0,0.166666667,0.009259259,0.046296296,0.046296296,0.074074074,0.009259259,0.009259259,0,0.009259259,0.037037037,0.009259259,0.009259259,0.009259259,0,0,0,0,0,0,0,0,0,0,0,0,0,0,0,0,0,0,0,0,0,0,0,0
2,subjects_015,0.011235955,0.011235955,0.011235955,0.011235955,0.033707865,0.112359551,0.146067416,0,0.101123596,0,0.235955056,0,0.123595506,0.011235955,0.078651685,0,0,0,0,0,0,0,0.04494382,0.011235955,0.02247191,0.033707865,0,0,0,0,0,0,0,0,0,0,0,0,0,0,0,0,0,0,0,0,0
3,subjects_016,0.009259259,0.009259259,0.009259259,0.009259259,0.046296296,0.092592593,0.222222222,0,0.157407407,0,0.12037037,0,0.018518519,0.055555556,0.027777778,0,0,0,0,0.037037037,0,0.009259259,0.055555556,0,0,0,0.055555556,0.009259259,0,0.027777778,0.018518519,0.009259259,0,0,0,0,0,0,0,0,0,0,0,0,0,0,0
4,subjects_018,0.020833333,0.020833333,0.020833333,0.020833333,0.041666667,0.083333333,0.125,0,0.041666667,0,0.125,0,0.104166667,0.020833333,0.125,0,0,0,0,0.041666667,0,0,0.041666667,0,0,0,0.125,0,0,0.041666667,0,0,0,0,0,0,0,0,0,0,0,0,0,0,0,0,0
5,subjects_020,0.033333333,0.033333333,0.033333333,0.033333333,0.166666667,0.166666667,0.133333333,0,0.2,0,0,0,0,0.1,0.033333333,0,0,0,0.033333333,0,0,0,0,0,0,0,0.033333333,0,0,0,0,0,0,0,0,0,0,0,0,0,0,0,0,0,0,0,0
6,subjects_021,0.010752688,0.010752688,0.010752688,0.010752688,0.11827957,0.150537634,0.11827957,0,0.107526882,0,0.129032258,0,0.032258065,0.010752688,0.064516129,0.010752688,0.021505376,0,0.010752688,0.010752688,0.010752688,0,0.043010753,0,0.043010753,0.010752688,0.010752688,0.032258065,0,0.010752688,0.010752688,0,0,0,0,0,0,0,0,0,0,0,0,0,0,0,0
7,subjects_022,0.022727273,0.022727273,0.022727273,0.022727273,0.113636364,0.113636364,0.068181818,0,0.090909091,0,0.045454545,0,0.068181818,0.045454545,0.090909091,0,0,0,0,0.022727273,0,0,0,0,0,0,0.159090909,0,0,0.045454545,0.045454545,0,0,0,0,0,0,0,0,0,0,0,0,0,0,0,0
8,subjects_023,0.015625,0.015625,0.015625,0.015625,0.140625,0.171875,0.0625,0,0.109375,0,0,0,0.015625,0.15625,0.03125,0,0,0,0.078125,0.015625,0.015625,0.015625,0,0,0.03125,0,0.015625,0,0,0.03125,0.046875,0,0,0,0,0,0,0,0,0,0,0,0,0,0,0,0
9,subjects_026,0.01369863,0.01369863,0.01369863,0.01369863,0.123287671,0.04109589,0.178082192,0,0.178082192,0,0.054794521,0,0.01369863,0.02739726,0.164383562,0,0,0,0,0,0,0.02739726,0.01369863,0,0,0,0.095890411,0,0,0.01369863,0.01369863,0,0,0,0,0,0,0,0,0,0,0,0,0,0,0,0
10,subjects_028,0.008064516,0.008064516,0.008064516,0.008064516,0.096774194,0.080645161,0.096774194,0,0.112903226,0,0.080645161,0,0.016129032,0.016129032,0.016129032,0.056451613,0.008064516,0,0.008064516,0.016129032,0,0.008064516,0,0.008064516,0,0,0.064516129,0.016129032,0,0.016129032,0.016129032,0,0,0,0.008064516,0.112903226,0.080645161,0.032258065,0,0,0,0,0,0,0,0,0
11,subjects_029,0.011627907,0.011627907,0.011627907,0.011627907,0.069767442,0.093023256,0.313953488,0,0.081395349,0,0.209302326,0,0.011627907,0.034883721,0.023255814,0,0,0,0,0,0.011627907,0,0,0,0,0,0.023255814,0,0,0.023255814,0.023255814,0,0,0,0.011627907,0.011627907,0,0,0.011627907,0,0,0,0,0,0,0,0
12,subjects_030,0.010989011,0.010989011,0.010989011,0.010989011,0.120879121,0.164835165,0.208791209,0,0.131868132,0,0.065934066,0,0.010989011,0.043956044,0.032967033,0.021978022,0.010989011,0,0,0.032967033,0.010989011,0,0,0,0,0,0.010989011,0,0,0.021978022,0.021978022,0,0,0,0.010989011,0.021978022,0.010989011,0,0,0,0,0,0,0,0,0,0
13,subjects_031,0.017241379,0.017241379,0.017241379,0.017241379,0.017241379,0.034482759,0.224137931,0,0.24137931,0,0.103448276,0,0,0,0.103448276,0.017241379,0,0,0,0.034482759,0,0.017241379,0,0,0.017241379,0,0.034482759,0,0,0.051724138,0,0,0,0,0.017241379,0.017241379,0,0,0,0,0,0,0,0,0,0,0
14,subjects_032,0.008196721,0.008196721,0.008196721,0.008196721,0.090163934,0.12295082,0.180327869,0,0.098360656,0,0.073770492,0,0.024590164,0.032786885,0.081967213,0,0,0,0,0.049180328,0.016393443,0.008196721,0.008196721,0,0.040983607,0,0.073770492,0.024590164,0,0,0,0,0,0,0.008196721,0.016393443,0,0.008196721,0,0.008196721,0,0,0,0,0,0,0
15,subjects_034,0.020408163,0.020408163,0.020408163,0.020408163,0.12244898,0.081632653,0.285714286,0,0.081632653,0,0.12244898,0.020408163,0.020408163,0.020408163,0.020408163,0.040816327,0,0,0,0.020408163,0.020408163,0,0,0,0,0,0.020408163,0,0,0,0,0,0,0,0.020408163,0.020408163,0,0,0,0,0,0,0,0,0,0,0
16,subjects_036,0.02,0.02,0.02,0.02,0.12,0.1,0.12,0,0.04,0,0.02,0,0.04,0,0.12,0.04,0.04,0,0,0.04,0,0.02,0,0,0,0,0.02,0,0,0,0,0.02,0,0,0.02,0.08,0.04,0.02,0.02,0,0,0,0,0,0,0,0
17,subjects_037,0.00990099,0.00990099,0.00990099,0.00990099,0.059405941,0.069306931,0.227722772,0,0.099009901,0,0.138613861,0.03960396,0,0.089108911,0.02970297,0,0,0,0,0.00990099,0.00990099,0.059405941,0,0,0,0,0.03960396,0,0,0.03960396,0.02970297,0,0,0,0.00990099,0.00990099,0,0,0,0,0,0,0,0,0,0,0
18,subjects_038,0.016129032,0.016129032,0.016129032,0.016129032,0.080645161,0.161290323,0.177419355,0,0.129032258,0,0.080645161,0,0.032258065,0.064516129,0.112903226,0,0,0,0,0,0.016129032,0.016129032,0.016129032,0,0,0,0,0,0,0,0,0,0,0,0.016129032,0.016129032,0,0,0.016129032,0,0,0,0,0,0,0,0
19,subjects_039,0.013333333,0.013333333,0.013333333,0.013333333,0.08,0.133333333,0.24,0,0.146666667,0,0.04,0.026666667,0,0.066666667,0,0.026666667,0,0,0,0,0.053333333,0,0.053333333,0,0,0,0.013333333,0.013333333,0,0,0,0,0,0,0.013333333,0.026666667,0,0.013333333,0,0,0,0,0,0,0,0,0
20,subjects_041,0.019607843,0.019607843,0.019607843,0.019607843,0.019607843,0.156862745,0.215686275,0,0.176470588,0,0.137254902,0.019607843,0.019607843,0,0,0,0,0,0,0.019607843,0,0,0.058823529,0,0,0.019607843,0.019607843,0,0,0,0,0,0,0,0.019607843,0.019607843,0,0,0,0.019607843,0,0,0,0,0,0,0
21,subjects_043,0.014705882,0.014705882,0.014705882,0.014705882,0.044117647,0.073529412,0.205882353,0,0.088235294,0,0.161764706,0,0,0.147058824,0,0.029411765,0,0,0,0.058823529,0.029411765,0,0.058823529,0,0,0.014705882,0,0,0,0,0,0,0,0,0.014705882,0.014705882,0,0,0,0,0,0,0,0,0,0,0
22,subjects_044,0.011111111,0.011111111,0.011111111,0.011111111,0.044444444,0.144444444,0.222222222,0,0.111111111,0,0.055555556,0,0.011111111,0.011111111,0.055555556,0.022222222,0,0,0,0.077777778,0.011111111,0.011111111,0,0,0.022222222,0,0.033333333,0,0,0.055555556,0.044444444,0,0,0,0.011111111,0.011111111,0,0,0,0,0,0,0,0,0,0,0
23,subjects_048,0.009009009,0.009009009,0.009009009,0.009009009,0.081081081,0.054054054,0.153153153,0,0.171171171,0,0.054054054,0,0.072072072,0.018018018,0.036036036,0,0,0,0,0.027027027,0.036036036,0,0.009009009,0,0.009009009,0,0.018018018,0.009009009,0,0.027027027,0.027027027,0.009009009,0,0,0.009009009,0.063063063,0.018018018,0.036036036,0.009009009,0.009009009,0,0.009009009,0,0,0,0,0
24,subjects_050,0.00862069,0.00862069,0.00862069,0.00862069,0.068965517,0.112068966,0.284482759,0,0.103448276,0,0.198275862,0,0,0.025862069,0.025862069,0.00862069,0,0,0,0.017241379,0,0,0.034482759,0,0,0,0.051724138,0,0,0,0,0,0,0,0.00862069,0.017241379,0,0.00862069,0,0,0,0,0,0,0,0,0
25,subjects_057,0.014925373,0.014925373,0.014925373,0.014925373,0.119402985,0.119402985,0.134328358,0,0.149253731,0,0.044776119,0.014925373,0.029850746,0.014925373,0.119402985,0,0,0,0,0.014925373,0.014925373,0,0,0,0,0,0.059701493,0,0,0,0,0,0,0,0.014925373,0.044776119,0,0.029850746,0,0.014925373,0,0,0,0,0,0,0
26,subjects_059,0.018181818,0.018181818,0.018181818,0.018181818,0.072727273,0.054545455,0.090909091,0,0.036363636,0,0,0,0,0.072727273,0.072727273,0,0,0,0,0,0.036363636,0.036363636,0,0,0,0,0.090909091,0.018181818,0,0.018181818,0.018181818,0,0,0,0.018181818,0.127272727,0.054545455,0.054545455,0,0.054545455,0,0,0,0,0,0,0
27,subjects_063,0.014285714,0.014285714,0.014285714,0.014285714,0.071428571,0.042857143,0.071428571,0,0.1,0,0,0,0.028571429,0.028571429,0.085714286,0,0,0,0,0.028571429,0.014285714,0.014285714,0.014285714,0,0,0,0.142857143,0,0,0,0.028571429,0,0,0,0.014285714,0.114285714,0.071428571,0.028571429,0.014285714,0.014285714,0,0,0.014285714,0,0,0,0
28,subjects_066,0.015151515,0.015151515,0.015151515,0.015151515,0.045454545,0.181818182,0.181818182,0,0.136363636,0,0.090909091,0,0,0.03030303,0.075757576,0.03030303,0,0,0,0.060606061,0.03030303,0.015151515,0,0,0,0,0,0,0,0,0,0,0,0,0.015151515,0.03030303,0,0.015151515,0,0,0,0,0,0,0,0,0
29,subjects_067,0.015873016,0.015873016,0.015873016,0.015873016,0.047619048,0.19047619,0.158730159,0,0.142857143,0,0.079365079,0.015873016,0.015873016,0.015873016,0.079365079,0,0,0,0,0.015873016,0,0.015873016,0,0,0,0,0.015873016,0,0,0.031746032,0.031746032,0.015873016,0,0,0.015873016,0.031746032,0,0.015873016,0,0,0,0,0,0,0,0,0
30,subjects_069,0.007751938,0.007751938,0.007751938,0.007751938,0.062015504,0.131782946,0.201550388,0,0.170542636,0,0.139534884,0.015503876,0.03875969,0.085271318,0,0,0,0,0.007751938,0,0,0.007751938,0.015503876,0,0,0,0.062015504,0,0,0.007751938,0.007751938,0,0,0,0.007751938,0.007751938,0,0,0,0,0,0,0,0,0,0,0
31,subjects_070,0.010526316,0.010526316,0.010526316,0.010526316,0.031578947,0.126315789,0.231578947,0,0.189473684,0,0.136842105,0.010526316,0,0.063157895,0.063157895,0.021052632,0,0,0,0,0.010526316,0.010526316,0.021052632,0,0,0,0.021052632,0,0,0,0,0,0,0,0.010526316,0.010526316,0,0,0,0,0,0,0,0,0,0,0
32,subjects_082,0.009803922,0.009803922,0.009803922,0.009803922,0.088235294,0.049019608,0.205882353,0,0.176470588,0,0.12745098,0.009803922,0.088235294,0.039215686,0.019607843,0,0,0,0,0.009803922,0.009803922,0.009803922,0,0,0.009803922,0.009803922,0.009803922,0,0,0.029411765,0.019607843,0,0,0,0.009803922,0.009803922,0,0,0.019607843,0,0,0,0,0,0.009803922,0,0
33,subjects_083,0.009615385,0.009615385,0.009615385,0.009615385,0.105769231,0.105769231,0.182692308,0,0.192307692,0,0.057692308,0,0.125,0.019230769,0.009615385,0,0,0,0,0.019230769,0,0,0,0,0,0,0.057692308,0,0,0,0,0,0,0,0.009615385,0.028846154,0.009615385,0.009615385,0,0,0,0,0,0,0.028846154,0,0
34,subjects_085,0.010989011,0.010989011,0.010989011,0.010989011,0.153846154,0.142857143,0.153846154,0,0.098901099,0,0.010989011,0,0,0.087912088,0.043956044,0,0,0,0,0.021978022,0.076923077,0.010989011,0,0,0,0,0.021978022,0,0,0.021978022,0.021978022,0,0,0,0.010989011,0.043956044,0.021978022,0.010989011,0,0,0,0,0,0,0,0,0
35,subjects_088,0.166666667,0.166666667,0.166666667,0.166666667,0,0,0,0,0,0,0,0,0,0,0,0,0,0,0,0,0,0,0,0,0,0,0,0,0,0,0,0,0,0,0.166666667,0.166666667,0,0,0,0,0,0,0,0,0,0,0
36,subjects_100,0.011111111,0.011111111,0.011111111,0.011111111,0.055555556,0.133333333,0.211111111,0,0.2,0,0.166666667,0,0.011111111,0,0.044444444,0,0,0,0,0.033333333,0,0,0,0,0,0.011111111,0.066666667,0,0,0,0,0,0,0,0.011111111,0.011111111,0,0,0,0,0,0,0,0,0,0,0
37,subjects_105,0.047619048,0.047619048,0.047619048,0.047619048,0.047619048,0.142857143,0.095238095,0,0,0,0,0,0.142857143,0,0.142857143,0,0,0,0,0,0,0,0,0,0,0,0.142857143,0,0,0,0,0,0,0,0.047619048,0.047619048,0,0,0,0,0,0,0,0,0,0,0
38,subjects_109,0.011111111,0.011111111,0.011111111,0.011111111,0.088888889,0.111111111,0.122222222,0,0.122222222,0,0.044444444,0,0.166666667,0.011111111,0,0.011111111,0,0,0,0.055555556,0.022222222,0.033333333,0,0,0,0,0.111111111,0.011111111,0,0,0.022222222,0,0,0,0.011111111,0.011111111,0,0,0,0,0,0,0,0,0,0,0
39,subjects_113,0.016666667,0.016666667,0.016666667,0.016666667,0.066666667,0.083333333,0.116666667,0,0.083333333,0,0.083333333,0,0.066666667,0.016666667,0.05,0.033333333,0,0,0,0,0.016666667,0,0,0,0.033333333,0,0.066666667,0.083333333,0,0,0,0,0,0,0.016666667,0.066666667,0,0.05,0,0,0,0,0,0,0,0,0
40,subjects_118,0.019230769,0.019230769,0.019230769,0.019230769,0.038461538,0.153846154,0.211538462,0,0.230769231,0,0.096153846,0,0,0.057692308,0,0.019230769,0,0,0,0,0.038461538,0,0,0,0,0,0,0,0,0.019230769,0,0,0,0,0.019230769,0.019230769,0,0,0.019230769,0,0,0,0,0,0,0,0
41,subjects_119,0.018181818,0.018181818,0.018181818,0.018181818,0.072727273,0.127272727,0.090909091,0,0.018181818,0,0,0,0,0.018181818,0.163636364,0,0,0,0,0.018181818,0.036363636,0.054545455,0.018181818,0,0.036363636,0,0.036363636,0.018181818,0,0,0,0,0,0,0.018181818,0.090909091,0.036363636,0.036363636,0,0.018181818,0,0,0,0,0.018181818,0,0
42,subjects_121,0.016393443,0.016393443,0.016393443,0.016393443,0.098360656,0.114754098,0.147540984,0,0.081967213,0,0.016393443,0,0.049180328,0,0.081967213,0.016393443,0,0,0,0.081967213,0,0,0,0,0,0,0.098360656,0.032786885,0,0.016393443,0.016393443,0,0,0,0.016393443,0.032786885,0.016393443,0,0,0,0,0,0,0,0,0.016393443,0
43,subjects_126,0.015151515,0.015151515,0.015151515,0.015151515,0.075757576,0.136363636,0.166666667,0,0.242424242,0,0.106060606,0,0,0.015151515,0,0,0,0,0.03030303,0.015151515,0,0.015151515,0,0,0.015151515,0,0.090909091,0,0,0,0,0,0,0,0.015151515,0.015151515,0,0,0,0,0,0,0,0,0,0,0
44,subjects_132,0.016949153,0.016949153,0.016949153,0.016949153,0.118644068,0.152542373,0.203389831,0,0.186440678,0,0.152542373,0,0.016949153,0,0,0.033898305,0,0,0,0,0,0,0,0,0,0,0.016949153,0,0,0.016949153,0,0,0,0,0.016949153,0.016949153,0,0,0,0,0,0,0,0,0,0,0
45,subjects_133,0.021276596,0.021276596,0.021276596,0.021276596,0.063829787,0.106382979,0.255319149,0,0.021276596,0,0,0,0.106382979,0.085106383,0.127659574,0,0,0,0,0.021276596,0.021276596,0.021276596,0,0,0,0,0,0,0,0.021276596,0,0,0,0,0.021276596,0.021276596,0,0,0,0.021276596,0,0,0,0,0,0,0
46,subjects_148,0.02173913,0.02173913,0.02173913,0.02173913,0.02173913,0.130434783,0.260869565,0,0.130434783,0,0.152173913,0,0,0.043478261,0.02173913,0,0,0,0.043478261,0.043478261,0.02173913,0,0,0,0,0,0,0,0,0,0,0,0,0,0.02173913,0.02173913,0,0,0,0,0,0,0,0,0,0,0
47,subjects_149,0.010204082,0.010204082,0.010204082,0.010204082,0.030612245,0.051020408,0.285714286,0,0.183673469,0,0.112244898,0,0.020408163,0.06122449,0.081632653,0.010204082,0,0,0,0.010204082,0,0,0.040816327,0,0,0,0.030612245,0,0,0,0,0,0,0,0.010204082,0.010204082,0,0,0.010204082,0,0,0,0.010204082,0,0,0,0
48,subjects_152,0.01010101,0.01010101,0.01010101,0.01010101,0.060606061,0.131313131,0.262626263,0,0.141414141,0,0.111111111,0.02020202,0.080808081,0.03030303,0.01010101,0,0,0,0,0.04040404,0.02020202,0,0,0,0,0,0,0,0,0.01010101,0.02020202,0,0,0,0.01010101,0.01010101,0,0,0,0,0,0,0,0,0,0,0
49,subjects_161,0.015151515,0.015151515,0.015151515,0.015151515,0.090909091,0.075757576,0.166666667,0,0.015151515,0,0.060606061,0,0.060606061,0.015151515,0.075757576,0,0,0,0,0.015151515,0,0,0.090909091,0,0.045454545,0,0.015151515,0.075757576,0,0.015151515,0,0.075757576,0,0,0.015151515,0.015151515,0,0,0,0,0,0,0,0,0.015151515,0,0
50,subjects_166,0.011494253,0.011494253,0.011494253,0.011494253,0.126436782,0.103448276,0.08045977,0,0.034482759,0,0.045977011,0,0.068965517,0,0.172413793,0,0,0,0,0.022988506,0.011494253,0.011494253,0,0,0,0,0,0,0,0.045977011,0.022988506,0,0,0,0.011494253,0.103448276,0.091954023,0,0,0,0,0,0,0,0,0,0
51,subjects_169,0.008547009,0.008547009,0.008547009,0.008547009,0.042735043,0.128205128,0.230769231,0,0.179487179,0,0.111111111,0,0.034188034,0.034188034,0.008547009,0,0,0,0.008547009,0.034188034,0.008547009,0,0,0,0,0,0.034188034,0,0,0.042735043,0.051282051,0,0,0,0.008547009,0.008547009,0,0,0,0,0,0,0,0,0,0,0
52,subjects_170,0.014084507,0.014084507,0.014084507,0.014084507,0.070422535,0.169014085,0.295774648,0,0.14084507,0,0.14084507,0,0.028169014,0.014084507,0.056338028,0,0,0,0,0,0,0,0,0,0,0,0,0,0,0,0,0,0,0,0.014084507,0.014084507,0,0,0,0,0,0,0,0,0,0,0
53,subjects_177,0.008333333,0.008333333,0.008333333,0.008333333,0.1,0.116666667,0.25,0,0.158333333,0,0.066666667,0,0.05,0.016666667,0.033333333,0.05,0,0,0,0,0,0,0,0,0.008333333,0,0.008333333,0.041666667,0,0,0,0.008333333,0,0,0.008333333,0.016666667,0.008333333,0,0,0.025,0,0,0,0,0,0,0
54,subjects_178,0.008474576,0.008474576,0.008474576,0.008474576,0.093220339,0.110169492,0.169491525,0,0.161016949,0,0.093220339,0,0.008474576,0.093220339,0.025423729,0,0,0,0.025423729,0.016949153,0.008474576,0.016949153,0.025423729,0,0,0,0.06779661,0,0,0.016949153,0.016949153,0,0,0,0.008474576,0.008474576,0,0,0,0,0,0,0,0,0,0,0
55,subjects_180,0.02173913,0.02173913,0.02173913,0.02173913,0.02173913,0.152173913,0.173913043,0,0.108695652,0,0.086956522,0.02173913,0.02173913,0.02173913,0.043478261,0,0,0,0,0,0.108695652,0,0,0,0,0,0.043478261,0.02173913,0,0.02173913,0.02173913,0,0,0,0.02173913,0.02173913,0,0,0,0,0,0,0,0,0,0,0
56,subjects_181,0.03125,0.03125,0.03125,0.03125,0.0625,0.03125,0.0625,0,0,0,0,0,0,0.03125,0.1875,0.0625,0.03125,0,0,0.0625,0.0625,0,0,0,0.09375,0,0.0625,0,0,0.03125,0.03125,0,0,0,0.03125,0.03125,0,0,0,0,0,0,0,0,0,0,0
57,subjects_186,0.018181818,0.018181818,0.018181818,0.018181818,0.018181818,0.145454545,0.345454545,0,0.090909091,0,0.127272727,0,0,0.090909091,0,0,0,0,0,0.072727273,0,0,0,0,0,0,0,0,0,0,0,0,0,0,0.018181818,0.018181818,0,0,0,0,0,0,0,0,0,0,0
58,subjects_191,0.017857143,0.017857143,0.017857143,0.017857143,0.089285714,0.107142857,0.214285714,0,0.125,0,0.107142857,0,0,0.017857143,0.071428571,0.017857143,0,0,0,0.035714286,0.017857143,0,0.035714286,0,0,0,0.017857143,0.017857143,0,0,0,0,0,0,0.017857143,0.017857143,0,0,0,0,0,0,0.017857143,0,0,0,0
59,subjects_199,0.014705882,0.014705882,0.014705882,0.014705882,0.014705882,0.176470588,0.279411765,0,0.044117647,0,0.088235294,0,0.014705882,0.117647059,0.058823529,0,0,0,0.014705882,0,0.029411765,0.029411765,0,0,0,0,0.044117647,0,0,0,0,0,0,0,0.014705882,0.014705882,0,0,0,0,0,0,0,0,0,0,0
60,subjects_203,0.009615385,0.009615385,0.009615385,0.009615385,0.028846154,0.163461538,0.211538462,0,0.125,0,0.048076923,0,0.019230769,0.028846154,0.009615385,0.009615385,0.009615385,0,0,0,0,0,0,0,0.009615385,0,0.028846154,0.009615385,0,0.028846154,0.028846154,0.105769231,0,0,0.009615385,0.019230769,0,0.009615385,0,0.038461538,0,0,0,0,0,0.019230769,0
61,subjects_204,0.011494253,0.011494253,0.011494253,0.011494253,0.034482759,0.16091954,0.24137931,0,0.149425287,0,0.126436782,0,0.011494253,0.022988506,0.034482759,0,0,0,0,0.011494253,0,0,0,0,0,0,0.034482759,0.011494253,0,0.045977011,0.045977011,0,0,0,0.011494253,0.011494253,0,0,0,0,0,0,0,0,0,0,0
62,subjects_209,0.016129032,0.016129032,0.016129032,0.016129032,0.048387097,0.032258065,0.048387097,0,0.241935484,0,0,0,0,0.032258065,0.016129032,0.016129032,0,0,0,0.016129032,0.032258065,0,0.016129032,0,0.032258065,0,0.064516129,0,0,0.016129032,0.032258065,0,0,0,0.016129032,0.129032258,0.129032258,0.016129032,0,0,0,0,0,0,0,0,0
63,subjects_210,0.009174312,0.009174312,0.009174312,0.009174312,0.073394495,0.146788991,0.165137615,0,0.073394495,0,0.009174312,0,0.064220183,0.009174312,0.100917431,0.009174312,0,0,0,0.082568807,0,0.04587156,0,0,0.018348624,0,0.100917431,0.009174312,0,0.009174312,0.018348624,0,0,0,0.009174312,0.009174312,0,0,0,0.009174312,0,0,0,0,0,0,0
64,subjects_211,0.014084507,0.014084507,0.014084507,0.014084507,0,0.14084507,0.295774648,0,0.183098592,0,0.183098592,0,0.014084507,0.042253521,0,0.014084507,0,0,0,0,0,0,0,0,0.014084507,0,0.028169014,0,0,0,0,0,0,0,0.014084507,0.014084507,0,0,0,0,0,0,0,0,0,0,0
65,subjects_214,0.011904762,0.011904762,0.011904762,0.011904762,0.095238095,0.023809524,0.130952381,0,0.142857143,0,0.047619048,0.011904762,0.05952381,0.047619048,0.142857143,0.023809524,0,0,0,0.035714286,0.035714286,0.011904762,0,0,0,0,0.071428571,0,0,0,0,0,0,0,0.011904762,0.035714286,0,0.023809524,0,0,0,0,0,0,0,0,0
66,subjects_215,0.022222222,0.022222222,0.022222222,0.022222222,0.022222222,0.244444444,0.155555556,0,0.111111111,0,0,0,0,0,0.222222222,0.022222222,0.022222222,0,0,0.022222222,0,0,0,0,0,0,0,0,0,0.022222222,0.022222222,0,0,0,0.022222222,0.022222222,0,0,0,0,0,0,0,0,0,0,0
67,subjects_217,0.037037037,0.037037037,0.037037037,0.037037037,0.074074074,0.074074074,0.037037037,0,0,0,0,0,0.111111111,0.037037037,0.074074074,0.037037037,0,0,0,0.111111111,0,0,0,0,0,0,0.111111111,0.037037037,0,0,0,0,0,0,0.037037037,0.074074074,0,0.037037037,0,0,0,0,0,0,0,0,0
68,subjects_219,0.010309278,0.010309278,0.010309278,0.010309278,0.051546392,0.154639175,0.18556701,0,0.113402062,0,0.082474227,0,0.030927835,0.06185567,0.06185567,0.010309278,0.020618557,0,0,0.041237113,0.010309278,0.010309278,0,0,0.010309278,0,0,0,0,0.010309278,0.010309278,0,0,0,0.010309278,0.041237113,0,0.030927835,0,0.010309278,0,0,0,0,0,0,0
69,subjects_225,0.021276596,0.021276596,0.021276596,0.021276596,0.085106383,0.106382979,0.212765957,0,0.085106383,0,0.042553191,0,0.042553191,0.042553191,0.106382979,0.021276596,0,0,0,0.021276596,0.021276596,0,0,0,0,0,0.021276596,0,0,0,0,0,0,0,0.021276596,0.042553191,0,0.021276596,0,0.021276596,0,0,0,0,0,0,0
70,subjects_226,0.017857143,0.017857143,0.017857143,0.017857143,0.035714286,0.089285714,0.160714286,0,0.053571429,0,0.071428571,0,0.017857143,0.053571429,0.142857143,0.053571429,0.035714286,0,0,0,0.035714286,0.053571429,0,0,0,0,0.053571429,0.017857143,0,0,0,0,0,0,0.017857143,0.017857143,0,0,0.017857143,0,0,0,0,0,0,0,0
71,subjects_227,0.008264463,0.008264463,0.008264463,0.008264463,0.033057851,0.066115702,0.20661157,0,0.223140496,0,0.148760331,0.024793388,0.041322314,0.041322314,0,0,0,0,0,0.024793388,0.008264463,0,0.008264463,0,0,0,0.099173554,0,0,0,0,0,0,0,0.008264463,0.008264463,0,0,0.024793388,0,0,0,0,0,0,0,0
72,subjects_236,0.017241379,0.017241379,0.017241379,0.017241379,0.034482759,0.086206897,0.25862069,0,0.189655172,0,0.086206897,0,0.051724138,0.017241379,0.068965517,0,0,0,0.017241379,0.034482759,0.017241379,0,0,0,0,0,0,0,0,0.017241379,0,0,0,0,0.017241379,0.017241379,0,0,0,0,0,0,0,0,0,0.017241379,0
73,subjects_238,0.012195122,0.012195122,0.012195122,0.012195122,0.097560976,0.109756098,0.195121951,0,0.024390244,0,0.097560976,0,0.06097561,0.048780488,0.073170732,0,0,0,0,0.024390244,0,0.024390244,0.024390244,0,0.012195122,0,0.085365854,0,0,0.012195122,0.012195122,0,0,0,0.012195122,0.024390244,0,0.012195122,0,0,0,0,0,0,0,0,0
74,subjects_239,0.016666667,0.016666667,0.016666667,0.016666667,0.033333333,0.133333333,0.333333333,0,0.1,0,0.133333333,0,0.1,0,0.016666667,0,0,0,0,0,0,0,0,0,0.016666667,0,0,0,0,0.016666667,0.016666667,0,0,0,0.016666667,0.016666667,0,0,0,0,0,0,0,0,0,0,0
75,subjects_240,0.009090909,0.009090909,0.009090909,0.009090909,0.045454545,0.154545455,0.172727273,0,0.2,0,0.072727273,0,0.027272727,0,0.072727273,0.009090909,0,0,0,0.045454545,0.009090909,0.009090909,0.009090909,0,0.009090909,0,0.045454545,0,0,0.036363636,0.018181818,0,0,0,0.009090909,0.009090909,0,0,0,0,0,0,0.009090909,0,0,0,0
76,subjects_244,0.012987013,0.012987013,0.012987013,0.012987013,0.038961039,0.090909091,0.233766234,0,0.207792208,0,0.103896104,0.012987013,0.064935065,0.012987013,0.064935065,0,0,0,0,0,0.012987013,0,0,0,0.012987013,0,0.064935065,0,0,0,0,0,0,0,0.012987013,0.012987013,0,0,0,0,0,0,0,0,0,0,0
77,subjects_250,0.014705882,0.014705882,0.014705882,0.014705882,0,0.176470588,0.25,0,0.132352941,0,0.073529412,0.014705882,0.014705882,0.014705882,0.088235294,0.014705882,0,0,0,0,0,0.014705882,0.044117647,0,0,0,0,0,0,0.029411765,0,0,0,0,0.014705882,0.014705882,0,0,0,0,0,0,0.044117647,0,0,0,0
78,subjects_251,0.022727273,0.022727273,0.022727273,0.022727273,0.090909091,0.068181818,0.136363636,0,0.068181818,0,0.045454545,0,0,0.136363636,0.159090909,0,0,0,0,0,0.045454545,0,0,0,0,0,0,0,0,0.045454545,0.068181818,0,0,0,0.022727273,0.022727273,0,0,0,0,0,0,0,0,0,0,0
79,subjects_253,0.166666667,0.166666667,0.166666667,0.166666667,0,0,0,0,0,0,0,0,0,0,0,0,0,0,0,0,0,0,0,0,0,0,0,0,0,0,0,0,0,0,0.166666667,0.166666667,0,0,0,0,0,0,0,0,0,0,0
80,subjects_254,0.021276596,0.021276596,0.021276596,0.021276596,0,0.085106383,0.234042553,0,0.191489362,0,0.085106383,0,0,0.021276596,0.127659574,0,0,0,0,0,0,0.021276596,0,0,0,0.021276596,0.021276596,0,0,0.042553191,0.021276596,0,0,0,0.021276596,0.021276596,0,0,0,0,0,0,0,0,0,0,0
81,subjects_256,0.013333333,0.013333333,0.013333333,0.013333333,0.04,0.146666667,0.226666667,0,0.133333333,0,0.08,0.013333333,0,0.053333333,0.066666667,0,0,0,0,0.026666667,0,0.013333333,0.013333333,0,0,0,0.053333333,0,0,0.013333333,0.013333333,0,0,0,0.013333333,0.026666667,0,0.013333333,0,0,0,0,0,0,0,0,0
82,subjects_258,0.014925373,0.014925373,0.014925373,0.014925373,0.104477612,0.119402985,0.194029851,0,0.089552239,0,0.029850746,0,0.074626866,0.044776119,0.074626866,0.029850746,0.029850746,0,0,0,0,0,0,0,0,0,0.029850746,0,0,0.029850746,0.029850746,0,0,0,0.014925373,0.029850746,0.014925373,0,0,0,0,0,0,0,0,0,0
83,subjects_262,0.015384615,0.015384615,0.015384615,0.015384615,0.076923077,0.107692308,0.2,0,0.123076923,0,0.092307692,0,0.015384615,0.030769231,0.138461538,0,0,0,0,0,0.030769231,0,0,0,0,0,0.061538462,0,0,0.030769231,0,0,0,0,0.015384615,0.015384615,0,0,0,0,0,0,0,0,0,0,0
84,subjects_263,0.010204082,0.010204082,0.010204082,0.010204082,0.102040816,0.112244898,0.255102041,0,0.071428571,0,0.112244898,0,0.020408163,0.040816327,0.010204082,0,0,0,0,0.051020408,0,0,0,0,0,0,0.12244898,0,0,0.020408163,0.020408163,0,0,0,0.010204082,0.010204082,0,0,0,0,0,0,0,0,0,0,0
85,subjects_267,0.020833333,0.020833333,0.020833333,0.020833333,0.041666667,0.145833333,0.208333333,0,0.0625,0,0.020833333,0,0.041666667,0.020833333,0.125,0,0,0,0,0.041666667,0.020833333,0.020833333,0,0,0,0,0.0625,0,0,0.041666667,0.020833333,0,0,0,0.020833333,0.020833333,0,0,0,0,0,0,0,0,0,0,0
86,subjects_272,0.011627907,0.011627907,0.011627907,0.011627907,0.046511628,0.162790698,0.26744186,0,0.139534884,0,0.139534884,0,0.023255814,0,0.034883721,0.011627907,0.011627907,0,0,0.046511628,0,0,0.011627907,0,0,0,0,0,0,0,0,0,0,0,0.011627907,0.011627907,0,0,0,0.023255814,0,0,0.011627907,0,0,0,0
87,subjects_273,0.013333333,0.013333333,0.013333333,0.013333333,0.013333333,0.133333333,0.293333333,0,0.146666667,0,0.186666667,0,0,0.026666667,0.026666667,0,0,0,0,0,0.013333333,0,0,0,0,0.026666667,0,0,0,0.013333333,0.013333333,0,0,0,0.013333333,0.013333333,0,0,0.013333333,0.013333333,0,0,0,0,0,0,0
88,subjects_277,0.010989011,0.010989011,0.010989011,0.010989011,0.021978022,0.142857143,0.263736264,0,0.076923077,0,0.131868132,0,0.021978022,0.021978022,0.032967033,0,0,0,0,0.010989011,0.043956044,0,0.065934066,0,0,0,0.043956044,0,0,0,0,0,0,0,0.010989011,0.032967033,0.021978022,0,0,0,0,0,0.010989011,0,0,0,0
89,subjects_279,0.166666667,0.166666667,0.166666667,0.166666667,0,0,0,0,0,0,0,0,0,0,0,0,0,0,0,0,0,0,0,0,0,0,0,0,0,0,0,0,0,0,0.166666667,0.166666667,0,0,0,0,0,0,0,0,0,0,0
90,subjects_282,0.009708738,0.009708738,0.009708738,0.009708738,0.029126214,0.174757282,0.233009709,0,0.106796117,0,0.116504854,0.009708738,0,0.029126214,0.048543689,0.048543689,0.019417476,0,0,0.009708738,0,0,0.038834951,0,0,0,0.019417476,0.009708738,0,0.009708738,0.009708738,0,0,0,0.009708738,0.009708738,0,0,0,0,0,0,0.029126214,0,0,0,0
91,subjects_283,0.013157895,0.013157895,0.013157895,0.013157895,0.052631579,0.184210526,0.263157895,0,0.078947368,0,0.039473684,0,0,0.078947368,0.065789474,0,0.026315789,0,0,0.013157895,0.026315789,0,0,0,0,0,0.026315789,0,0,0.013157895,0.013157895,0.013157895,0,0,0.013157895,0.026315789,0,0.013157895,0,0,0,0,0,0,0,0,0
92,subjects_284,0.012048193,0.012048193,0.012048193,0.012048193,0.036144578,0.168674699,0.096385542,0,0.084337349,0,0.084337349,0.072289157,0,0.072289157,0,0,0.012048193,0,0,0.024096386,0.024096386,0,0.120481928,0,0,0,0.024096386,0,0,0.024096386,0.012048193,0,0,0,0.012048193,0.012048193,0,0,0.012048193,0,0,0,0.060240964,0,0,0,0
93,subjects_285,0.015873016,0.015873016,0.015873016,0.015873016,0,0.126984127,0.301587302,0,0.206349206,0,0.063492063,0,0.047619048,0,0.063492063,0,0,0,0,0.015873016,0,0,0,0,0,0,0,0.015873016,0,0.031746032,0.031746032,0,0,0,0.015873016,0.015873016,0,0,0,0,0,0,0,0,0,0,0
94,subjects_286,0.010638298,0.010638298,0.010638298,0.010638298,0.042553191,0.14893617,0.159574468,0,0.085106383,0,0.042553191,0,0.031914894,0.031914894,0.053191489,0,0,0,0,0.021276596,0.053191489,0,0,0,0.010638298,0,0.063829787,0.031914894,0,0.031914894,0.031914894,0,0,0,0.010638298,0.053191489,0.042553191,0,0,0.010638298,0,0,0,0,0,0,0
95,subjects_292,0.02173913,0.02173913,0.02173913,0.02173913,0,0.173913043,0.326086957,0,0.173913043,0,0.065217391,0,0,0,0.065217391,0,0,0,0.02173913,0,0,0,0,0,0,0,0.02173913,0.02173913,0,0,0,0,0,0,0.02173913,0.02173913,0,0,0,0,0,0,0,0,0,0,0
96,subjects_293,0.083333333,0.083333333,0.083333333,0.083333333,0,0,0.25,0,0,0,0,0,0,0,0.083333333,0,0,0,0,0,0,0,0,0,0,0,0.083333333,0,0,0,0,0,0,0,0.083333333,0.083333333,0,0,0,0.083333333,0,0,0,0,0,0,0
97,subjects_294,0.010416667,0.010416667,0.010416667,0.010416667,0.041666667,0.145833333,0.197916667,0,0.052083333,0,0.125,0,0.083333333,0.041666667,0.03125,0.010416667,0.010416667,0,0,0,0.010416667,0,0.020833333,0,0,0,0.052083333,0,0,0.03125,0.041666667,0,0,0,0.010416667,0.020833333,0,0.010416667,0,0,0,0,0.020833333,0,0,0,0
98,subjects_297,0.011363636,0.011363636,0.011363636,0.011363636,0.034090909,0.181818182,0.227272727,0,0.181818182,0,0.056818182,0,0.056818182,0.034090909,0.034090909,0,0,0,0,0.068181818,0,0.011363636,0,0,0,0,0,0,0,0.022727273,0.022727273,0,0,0,0.011363636,0.011363636,0,0,0,0,0,0,0,0,0,0,0
99,subjects_299,0.019230769,0.019230769,0.019230769,0.019230769,0.076923077,0.096153846,0.173076923,0,0.153846154,0,0.038461538,0.019230769,0.038461538,0.038461538,0.057692308,0,0,0,0,0,0.019230769,0.019230769,0.019230769,0,0,0,0,0,0,0.057692308,0.057692308,0,0,0,0.019230769,0.019230769,0,0,0,0,0,0,0.019230769,0,0,0,0
100,subjects_304,0.01754386,0.01754386,0.01754386,0.01754386,0.070175439,0.192982456,0.192982456,0,0.035087719,0,0.122807018,0,0.01754386,0.035087719,0.087719298,0,0,0,0,0.01754386,0.01754386,0.035087719,0,0,0,0.01754386,0.01754386,0,0,0.01754386,0.01754386,0,0,0,0.01754386,0.01754386,0,0,0,0,0,0,0,0,0,0,0
101,subjects_306,0.015151515,0.015151515,0.015151515,0.015151515,0.015151515,0.090909091,0.242424242,0,0.151515152,0,0.075757576,0,0.015151515,0.060606061,0.075757576,0.015151515,0,0,0,0.03030303,0.075757576,0.015151515,0,0,0,0,0.045454545,0,0,0,0,0,0,0,0.015151515,0.015151515,0,0,0,0,0,0,0,0,0,0,0
102,subjects_307,0.018181818,0.018181818,0.018181818,0.018181818,0.090909091,0.072727273,0.018181818,0,0.054545455,0,0.054545455,0.036363636,0.036363636,0.054545455,0.090909091,0,0,0,0,0.018181818,0.163636364,0.036363636,0,0,0.018181818,0,0.072727273,0,0,0.036363636,0.036363636,0,0,0,0.018181818,0.018181818,0,0,0,0,0,0,0,0,0,0,0
103,subjects_309,0.011764706,0.011764706,0.011764706,0.011764706,0.023529412,0.058823529,0.223529412,0,0.164705882,0,0.105882353,0.047058824,0.082352941,0.023529412,0.058823529,0,0,0,0.011764706,0,0,0.011764706,0,0,0,0,0,0,0,0.035294118,0.023529412,0,0,0,0.011764706,0.023529412,0.011764706,0,0.035294118,0,0,0,0,0,0,0,0
104,subjects_311,0.009090909,0.009090909,0.009090909,0.009090909,0.018181818,0.218181818,0.218181818,0,0.227272727,0,0.163636364,0.018181818,0.018181818,0.027272727,0.027272727,0.018181818,0.009090909,0,0,0,0,0,0,0,0,0,0,0,0,0,0,0,0,0,0,0,0,0,0,0,0,0,0,0,0,0,0
105,subjects_313,0.009259259,0.009259259,0.009259259,0.009259259,0.055555556,0.12037037,0.185185185,0,0.166666667,0,0.166666667,0.009259259,0.046296296,0.046296296,0.074074074,0.009259259,0.009259259,0,0.009259259,0.037037037,0.009259259,0.009259259,0.009259259,0,0,0,0,0,0,0,0,0,0,0,0,0,0,0,0,0,0,0,0,0,0,0,0
106,subjects_315,0.011235955,0.011235955,0.011235955,0.011235955,0.033707865,0.112359551,0.146067416,0,0.101123596,0,0.235955056,0,0.123595506,0.011235955,0.078651685,0,0,0,0,0,0,0,0.04494382,0.011235955,0.02247191,0.033707865,0,0,0,0,0,0,0,0,0,0,0,0,0,0,0,0,0,0,0,0,0
107,subjects_317,0.009259259,0.009259259,0.009259259,0.009259259,0.046296296,0.092592593,0.222222222,0,0.157407407,0,0.12037037,0,0.018518519,0.055555556,0.027777778,0,0,0,0,0.037037037,0,0.009259259,0.055555556,0,0,0,0.055555556,0.009259259,0,0.027777778,0.018518519,0.009259259,0,0,0,0,0,0,0,0,0,0,0,0,0,0,0
108,subjects_319,0.020833333,0.020833333,0.020833333,0.020833333,0.041666667,0.083333333,0.125,0,0.041666667,0,0.125,0,0.104166667,0.020833333,0.125,0,0,0,0,0.041666667,0,0,0.041666667,0,0,0,0.125,0,0,0.041666667,0,0,0,0,0,0,0,0,0,0,0,0,0,0,0,0,0
109,subjects_321,0.033333333,0.033333333,0.033333333,0.033333333,0.166666667,0.166666667,0.133333333,0,0.2,0,0,0,0,0.1,0.033333333,0,0,0,0.033333333,0,0,0,0,0,0,0,0.033333333,0,0,0,0,0,0,0,0,0,0,0,0,0,0,0,0,0,0,0,0
110,subjects_323,0.010752688,0.010752688,0.010752688,0.010752688,0.11827957,0.150537634,0.11827957,0,0.107526882,0,0.129032258,0,0.032258065,0.010752688,0.064516129,0.010752688,0.021505376,0,0.010752688,0.010752688,0.010752688,0,0.043010753,0,0.043010753,0.010752688,0.010752688,0.032258065,0,0.010752688,0.010752688,0,0,0,0,0,0,0,0,0,0,0,0,0,0,0,0
111,subjects_325,0.022727273,0.022727273,0.022727273,0.022727273,0.113636364,0.113636364,0.068181818,0,0.090909091,0,0.045454545,0,0.068181818,0.045454545,0.090909091,0,0,0,0,0.022727273,0,0,0,0,0,0,0.159090909,0,0,0.045454545,0.045454545,0,0,0,0,0,0,0,0,0,0,0,0,0,0,0,0
112,subjects_327,0.015625,0.015625,0.015625,0.015625,0.140625,0.171875,0.0625,0,0.109375,0,0,0,0.015625,0.15625,0.03125,0,0,0,0.078125,0.015625,0.015625,0.015625,0,0,0.03125,0,0.015625,0,0,0.03125,0.046875,0,0,0,0,0,0,0,0,0,0,0,0,0,0,0,0
113,subjects_329,0.01369863,0.01369863,0.01369863,0.01369863,0.123287671,0.04109589,0.178082192,0,0.178082192,0,0.054794521,0,0.01369863,0.02739726,0.164383562,0,0,0,0,0,0,0.02739726,0.01369863,0,0,0,0.095890411,0,0,0.01369863,0.01369863,0,0,0,0,0,0,0,0,0,0,0,0,0,0,0,0
114,subjects_331,0.008064516,0.008064516,0.008064516,0.008064516,0.096774194,0.080645161,0.096774194,0,0.112903226,0,0.080645161,0,0.016129032,0.016129032,0.016129032,0.056451613,0.008064516,0,0.008064516,0.016129032,0,0.008064516,0,0.008064516,0,0,0.064516129,0.016129032,0,0.016129032,0.016129032,0,0,0,0.008064516,0.112903226,0.080645161,0.032258065,0,0,0,0,0,0,0,0,0
115,subjects_333,0.011627907,0.011627907,0.011627907,0.011627907,0.069767442,0.093023256,0.313953488,0,0.081395349,0,0.209302326,0,0.011627907,0.034883721,0.023255814,0,0,0,0,0,0.011627907,0,0,0,0,0,0.023255814,0,0,0.023255814,0.023255814,0,0,0,0.011627907,0.011627907,0,0,0.011627907,0,0,0,0,0,0,0,0
116,subjects_335,0.010989011,0.010989011,0.010989011,0.010989011,0.120879121,0.164835165,0.208791209,0,0.131868132,0,0.065934066,0,0.010989011,0.043956044,0.032967033,0.021978022,0.010989011,0,0,0.032967033,0.010989011,0,0,0,0,0,0.010989011,0,0,0.021978022,0.021978022,0,0,0,0.010989011,0.021978022,0.010989011,0,0,0,0,0,0,0,0,0,0
117,subjects_337,0.017241379,0.017241379,0.017241379,0.017241379,0.017241379,0.034482759,0.224137931,0,0.24137931,0,0.103448276,0,0,0,0.103448276,0.017241379,0,0,0,0.034482759,0,0.017241379,0,0,0.017241379,0,0.034482759,0,0,0.051724138,0,0,0,0,0.017241379,0.017241379,0,0,0,0,0,0,0,0,0,0,0
118,subjects_339,0.008196721,0.008196721,0.008196721,0.008196721,0.090163934,0.12295082,0.180327869,0,0.098360656,0,0.073770492,0,0.024590164,0.032786885,0.081967213,0,0,0,0,0.049180328,0.016393443,0.008196721,0.008196721,0,0.040983607,0,0.073770492,0.024590164,0,0,0,0,0,0,0.008196721,0.016393443,0,0.008196721,0,0.008196721,0,0,0,0,0,0,0
119,subjects_341,0.020408163,0.020408163,0.020408163,0.020408163,0.12244898,0.081632653,0.285714286,0,0.081632653,0,0.12244898,0.020408163,0.020408163,0.020408163,0.020408163,0.040816327,0,0,0,0.020408163,0.020408163,0,0,0,0,0,0.020408163,0,0,0,0,0,0,0,0.020408163,0.020408163,0,0,0,0,0,0,0,0,0,0,0
120,subjects_343,0.02,0.02,0.02,0.02,0.12,0.1,0.12,0,0.04,0,0.02,0,0.04,0,0.12,0.04,0.04,0,0,0.04,0,0.02,0,0,0,0,0.02,0,0,0,0,0.02,0,0,0.02,0.08,0.04,0.02,0.02,0,0,0,0,0,0,0,0
121,subjects_345,0.00990099,0.00990099,0.00990099,0.00990099,0.059405941,0.069306931,0.227722772,0,0.099009901,0,0.138613861,0.03960396,0,0.089108911,0.02970297,0,0,0,0,0.00990099,0.00990099,0.059405941,0,0,0,0,0.03960396,0,0,0.03960396,0.02970297,0,0,0,0.00990099,0.00990099,0,0,0,0,0,0,0,0,0,0,0
122,subjects_347,0.016129032,0.016129032,0.016129032,0.016129032,0.080645161,0.161290323,0.177419355,0,0.129032258,0,0.080645161,0,0.032258065,0.064516129,0.112903226,0,0,0,0,0,0.016129032,0.016129032,0.016129032,0,0,0,0,0,0,0,0,0,0,0,0.016129032,0.016129032,0,0,0.016129032,0,0,0,0,0,0,0,0
123,subjects_349,0.013333333,0.013333333,0.013333333,0.013333333,0.08,0.133333333,0.24,0,0.146666667,0,0.04,0.026666667,0,0.066666667,0,0.026666667,0,0,0,0,0.053333333,0,0.053333333,0,0,0,0.013333333,0.013333333,0,0,0,0,0,0,0.013333333,0.026666667,0,0.013333333,0,0,0,0,0,0,0,0,0
124,subjects_351,0.019607843,0.019607843,0.019607843,0.019607843,0.019607843,0.156862745,0.215686275,0,0.176470588,0,0.137254902,0.019607843,0.019607843,0,0,0,0,0,0,0.019607843,0,0,0.058823529,0,0,0.019607843,0.019607843,0,0,0,0,0,0,0,0.019607843,0.019607843,0,0,0,0.019607843,0,0,0,0,0,0,0
125,subjects_353,0.014705882,0.014705882,0.014705882,0.014705882,0.044117647,0.073529412,0.205882353,0,0.088235294,0,0.161764706,0,0,0.147058824,0,0.029411765,0,0,0,0.058823529,0.029411765,0,0.058823529,0,0,0.014705882,0,0,0,0,0,0,0,0,0.014705882,0.014705882,0,0,0,0,0,0,0,0,0,0,0
126,subjects_355,0.011111111,0.011111111,0.011111111,0.011111111,0.044444444,0.144444444,0.222222222,0,0.111111111,0,0.055555556,0,0.011111111,0.011111111,0.055555556,0.022222222,0,0,0,0.077777778,0.011111111,0.011111111,0,0,0.022222222,0,0.033333333,0,0,0.055555556,0.044444444,0,0,0,0.011111111,0.011111111,0,0,0,0,0,0,0,0,0,0,0
127,subjects_357,0.009009009,0.009009009,0.009009009,0.009009009,0.081081081,0.054054054,0.153153153,0,0.171171171,0,0.054054054,0,0.072072072,0.018018018,0.036036036,0,0,0,0,0.027027027,0.036036036,0,0.009009009,0,0.009009009,0,0.018018018,0.009009009,0,0.027027027,0.027027027,0.009009009,0,0,0.009009009,0.063063063,0.018018018,0.036036036,0.009009009,0.009009009,0,0.009009009,0,0,0,0,0
128,subjects_359,0.00862069,0.00862069,0.00862069,0.00862069,0.068965517,0.112068966,0.284482759,0,0.103448276,0,0.198275862,0,0,0.025862069,0.025862069,0.00862069,0,0,0,0.017241379,0,0,0.034482759,0,0,0,0.051724138,0,0,0,0,0,0,0,0.00862069,0.017241379,0,0.00862069,0,0,0,0,0,0,0,0,0
129,subjects_361,0.014925373,0.014925373,0.014925373,0.014925373,0.119402985,0.119402985,0.134328358,0,0.149253731,0,0.044776119,0.014925373,0.029850746,0.014925373,0.119402985,0,0,0,0,0.014925373,0.014925373,0,0,0,0,0,0.059701493,0,0,0,0,0,0,0,0.014925373,0.044776119,0,0.029850746,0,0.014925373,0,0,0,0,0,0,0
130,subjects_363,0.018181818,0.018181818,0.018181818,0.018181818,0.072727273,0.054545455,0.090909091,0,0.036363636,0,0,0,0,0.072727273,0.072727273,0,0,0,0,0,0.036363636,0.036363636,0,0,0,0,0.090909091,0.018181818,0,0.018181818,0.018181818,0,0,0,0.018181818,0.127272727,0.054545455,0.054545455,0,0.054545455,0,0,0,0,0,0,0
131,subjects_365,0.014285714,0.014285714,0.014285714,0.014285714,0.071428571,0.042857143,0.071428571,0,0.1,0,0,0,0.028571429,0.028571429,0.085714286,0,0,0,0,0.028571429,0.014285714,0.014285714,0.014285714,0,0,0,0.142857143,0,0,0,0.028571429,0,0,0,0.014285714,0.114285714,0.071428571,0.028571429,0.014285714,0.014285714,0,0,0.014285714,0,0,0,0
132,subjects_367,0.015151515,0.015151515,0.015151515,0.015151515,0.045454545,0.181818182,0.181818182,0,0.136363636,0,0.090909091,0,0,0.03030303,0.075757576,0.03030303,0,0,0,0.060606061,0.03030303,0.015151515,0,0,0,0,0,0,0,0,0,0,0,0,0.015151515,0.03030303,0,0.015151515,0,0,0,0,0,0,0,0,0
133,subjects_369,0.015873016,0.015873016,0.015873016,0.015873016,0.047619048,0.19047619,0.158730159,0,0.142857143,0,0.079365079,0.015873016,0.015873016,0.015873016,0.079365079,0,0,0,0,0.015873016,0,0.015873016,0,0,0,0,0.015873016,0,0,0.031746032,0.031746032,0.015873016,0,0,0.015873016,0.031746032,0,0.015873016,0,0,0,0,0,0,0,0,0
134,subjects_371,0.007751938,0.007751938,0.007751938,0.007751938,0.062015504,0.131782946,0.201550388,0,0.170542636,0,0.139534884,0.015503876,0.03875969,0.085271318,0,0,0,0,0.007751938,0,0,0.007751938,0.015503876,0,0,0,0.062015504,0,0,0.007751938,0.007751938,0,0,0,0.007751938,0.007751938,0,0,0,0,0,0,0,0,0,0,0
135,subjects_373,0.010526316,0.010526316,0.010526316,0.010526316,0.031578947,0.126315789,0.231578947,0,0.189473684,0,0.136842105,0.010526316,0,0.063157895,0.063157895,0.021052632,0,0,0,0,0.010526316,0.010526316,0.021052632,0,0,0,0.021052632,0,0,0,0,0,0,0,0.010526316,0.010526316,0,0,0,0,0,0,0,0,0,0,0
136,subjects_375,0.009803922,0.009803922,0.009803922,0.009803922,0.088235294,0.049019608,0.205882353,0,0.176470588,0,0.12745098,0.009803922,0.088235294,0.039215686,0.019607843,0,0,0,0,0.009803922,0.009803922,0.009803922,0,0,0.009803922,0.009803922,0.009803922,0,0,0.029411765,0.019607843,0,0,0,0.009803922,0.009803922,0,0,0.019607843,0,0,0,0,0,0.009803922,0,0
137,subjects_377,0.009615385,0.009615385,0.009615385,0.009615385,0.105769231,0.105769231,0.182692308,0,0.192307692,0,0.057692308,0,0.125,0.019230769,0.009615385,0,0,0,0,0.019230769,0,0,0,0,0,0,0.057692308,0,0,0,0,0,0,0,0.009615385,0.028846154,0.009615385,0.009615385,0,0,0,0,0,0,0.028846154,0,0
138,subjects_379,0.010989011,0.010989011,0.010989011,0.010989011,0.153846154,0.142857143,0.153846154,0,0.098901099,0,0.010989011,0,0,0.087912088,0.043956044,0,0,0,0,0.021978022,0.076923077,0.010989011,0,0,0,0,0.021978022,0,0,0.021978022,0.021978022,0,0,0,0.010989011,0.043956044,0.021978022,0.010989011,0,0,0,0,0,0,0,0,0
139,subjects_381,0.166666667,0.166666667,0.166666667,0.166666667,0,0,0,0,0,0,0,0,0,0,0,0,0,0,0,0,0,0,0,0,0,0,0,0,0,0,0,0,0,0,0.166666667,0.166666667,0,0,0,0,0,0,0,0,0,0,0
140,subjects_383,0.011111111,0.011111111,0.011111111,0.011111111,0.055555556,0.133333333,0.211111111,0,0.2,0,0.166666667,0,0.011111111,0,0.044444444,0,0,0,0,0.033333333,0,0,0,0,0,0.011111111,0.066666667,0,0,0,0,0,0,0,0.011111111,0.011111111,0,0,0,0,0,0,0,0,0,0,0
141,subjects_385,0.047619048,0.047619048,0.047619048,0.047619048,0.047619048,0.142857143,0.095238095,0,0,0,0,0,0.142857143,0,0.142857143,0,0,0,0,0,0,0,0,0,0,0,0.142857143,0,0,0,0,0,0,0,0.047619048,0.047619048,0,0,0,0,0,0,0,0,0,0,0
142,subjects_387,0.011111111,0.011111111,0.011111111,0.011111111,0.088888889,0.111111111,0.122222222,0,0.122222222,0,0.044444444,0,0.166666667,0.011111111,0,0.011111111,0,0,0,0.055555556,0.022222222,0.033333333,0,0,0,0,0.111111111,0.011111111,0,0,0.022222222,0,0,0,0.011111111,0.011111111,0,0,0,0,0,0,0,0,0,0,0
143,subjects_389,0.016666667,0.016666667,0.016666667,0.016666667,0.066666667,0.083333333,0.116666667,0,0.083333333,0,0.083333333,0,0.066666667,0.016666667,0.05,0.033333333,0,0,0,0,0.016666667,0,0,0,0.033333333,0,0.066666667,0.083333333,0,0,0,0,0,0,0.016666667,0.066666667,0,0.05,0,0,0,0,0,0,0,0,0
144,subjects_391,0.019230769,0.019230769,0.019230769,0.019230769,0.038461538,0.153846154,0.211538462,0,0.230769231,0,0.096153846,0,0,0.057692308,0,0.019230769,0,0,0,0,0.038461538,0,0,0,0,0,0,0,0,0.019230769,0,0,0,0,0.019230769,0.019230769,0,0,0.019230769,0,0,0,0,0,0,0,0
145,subjects_393,0.018181818,0.018181818,0.018181818,0.018181818,0.072727273,0.127272727,0.090909091,0,0.018181818,0,0,0,0,0.018181818,0.163636364,0,0,0,0,0.018181818,0.036363636,0.054545455,0.018181818,0,0.036363636,0,0.036363636,0.018181818,0,0,0,0,0,0,0.018181818,0.090909091,0.036363636,0.036363636,0,0.018181818,0,0,0,0,0.018181818,0,0
146,subjects_395,0.016393443,0.016393443,0.016393443,0.016393443,0.098360656,0.114754098,0.147540984,0,0.081967213,0,0.016393443,0,0.049180328,0,0.081967213,0.016393443,0,0,0,0.081967213,0,0,0,0,0,0,0.098360656,0.032786885,0,0.016393443,0.016393443,0,0,0,0.016393443,0.032786885,0.016393443,0,0,0,0,0,0,0,0,0.016393443,0
147,subjects_397,0.015151515,0.015151515,0.015151515,0.015151515,0.075757576,0.136363636,0.166666667,0,0.242424242,0,0.106060606,0,0,0.015151515,0,0,0,0,0.03030303,0.015151515,0,0.015151515,0,0,0.015151515,0,0.090909091,0,0,0,0,0,0,0,0.015151515,0.015151515,0,0,0,0,0,0,0,0,0,0,0
148,subjects_399,0.016949153,0.016949153,0.016949153,0.016949153,0.118644068,0.152542373,0.203389831,0,0.186440678,0,0.152542373,0,0.016949153,0,0,0.033898305,0,0,0,0,0,0,0,0,0,0,0.016949153,0,0,0.016949153,0,0,0,0,0.016949153,0.016949153,0,0,0,0,0,0,0,0,0,0,0
149,subjects_401,0.021276596,0.021276596,0.021276596,0.021276596,0.063829787,0.106382979,0.255319149,0,0.021276596,0,0,0,0.106382979,0.085106383,0.127659574,0,0,0,0,0.021276596,0.021276596,0.021276596,0,0,0,0,0,0,0,0.021276596,0,0,0,0,0.021276596,0.021276596,0,0,0,0.021276596,0,0,0,0,0,0,0
150,subjects_403,0.02173913,0.02173913,0.02173913,0.02173913,0.02173913,0.130434783,0.260869565,0,0.130434783,0,0.152173913,0,0,0.043478261,0.02173913,0,0,0,0.043478261,0.043478261,0.02173913,0,0,0,0,0,0,0,0,0,0,0,0,0,0.02173913,0.02173913,0,0,0,0,0,0,0,0,0,0,0
151,subjects_405,0.010204082,0.010204082,0.010204082,0.010204082,0.030612245,0.051020408,0.285714286,0,0.183673469,0,0.112244898,0,0.020408163,0.06122449,0.081632653,0.010204082,0,0,0,0.010204082,0,0,0.040816327,0,0,0,0.030612245,0,0,0,0,0,0,0,0.010204082,0.010204082,0,0,0.010204082,0,0,0,0.010204082,0,0,0,0
152,subjects_407,0.01010101,0.01010101,0.01010101,0.01010101,0.060606061,0.131313131,0.262626263,0,0.141414141,0,0.111111111,0.02020202,0.080808081,0.03030303,0.01010101,0,0,0,0,0.04040404,0.02020202,0,0,0,0,0,0,0,0,0.01010101,0.02020202,0,0,0,0.01010101,0.01010101,0,0,0,0,0,0,0,0,0,0,0
153,subjects_409,0.015151515,0.015151515,0.015151515,0.015151515,0.090909091,0.075757576,0.166666667,0,0.015151515,0,0.060606061,0,0.060606061,0.015151515,0.075757576,0,0,0,0,0.015151515,0,0,0.090909091,0,0.045454545,0,0.015151515,0.075757576,0,0.015151515,0,0.075757576,0,0,0.015151515,0.015151515,0,0,0,0,0,0,0,0,0.015151515,0,0
154,subjects_411,0.011494253,0.011494253,0.011494253,0.011494253,0.126436782,0.103448276,0.08045977,0,0.034482759,0,0.045977011,0,0.068965517,0,0.172413793,0,0,0,0,0.022988506,0.011494253,0.011494253,0,0,0,0,0,0,0,0.045977011,0.022988506,0,0,0,0.011494253,0.103448276,0.091954023,0,0,0,0,0,0,0,0,0,0
155,subjects_413,0.008547009,0.008547009,0.008547009,0.008547009,0.042735043,0.128205128,0.230769231,0,0.179487179,0,0.111111111,0,0.034188034,0.034188034,0.008547009,0,0,0,0.008547009,0.034188034,0.008547009,0,0,0,0,0,0.034188034,0,0,0.042735043,0.051282051,0,0,0,0.008547009,0.008547009,0,0,0,0,0,0,0,0,0,0,0
156,subjects_415,0.014084507,0.014084507,0.014084507,0.014084507,0.070422535,0.169014085,0.295774648,0,0.14084507,0,0.14084507,0,0.028169014,0.014084507,0.056338028,0,0,0,0,0,0,0,0,0,0,0,0,0,0,0,0,0,0,0,0.014084507,0.014084507,0,0,0,0,0,0,0,0,0,0,0
157,subjects_417,0.008333333,0.008333333,0.008333333,0.008333333,0.1,0.116666667,0.25,0,0.158333333,0,0.066666667,0,0.05,0.016666667,0.033333333,0.05,0,0,0,0,0,0,0,0,0.008333333,0,0.008333333,0.041666667,0,0,0,0.008333333,0,0,0.008333333,0.016666667,0.008333333,0,0,0.025,0,0,0,0,0,0,0
158,subjects_419,0.008474576,0.008474576,0.008474576,0.008474576,0.093220339,0.110169492,0.169491525,0,0.161016949,0,0.093220339,0,0.008474576,0.093220339,0.025423729,0,0,0,0.025423729,0.016949153,0.008474576,0.016949153,0.025423729,0,0,0,0.06779661,0,0,0.016949153,0.016949153,0,0,0,0.008474576,0.008474576,0,0,0,0,0,0,0,0,0,0,0
159,subjects_421,0.02173913,0.02173913,0.02173913,0.02173913,0.02173913,0.152173913,0.173913043,0,0.108695652,0,0.086956522,0.02173913,0.02173913,0.02173913,0.043478261,0,0,0,0,0,0.108695652,0,0,0,0,0,0.043478261,0.02173913,0,0.02173913,0.02173913,0,0,0,0.02173913,0.02173913,0,0,0,0,0,0,0,0,0,0,0
160,subjects_423,0.03125,0.03125,0.03125,0.03125,0.0625,0.03125,0.0625,0,0,0,0,0,0,0.03125,0.1875,0.0625,0.03125,0,0,0.0625,0.0625,0,0,0,0.09375,0,0.0625,0,0,0.03125,0.03125,0,0,0,0.03125,0.03125,0,0,0,0,0,0,0,0,0,0,0
161,subjects_425,0.018181818,0.018181818,0.018181818,0.018181818,0.018181818,0.145454545,0.345454545,0,0.090909091,0,0.127272727,0,0,0.090909091,0,0,0,0,0,0.072727273,0,0,0,0,0,0,0,0,0,0,0,0,0,0,0.018181818,0.018181818,0,0,0,0,0,0,0,0,0,0,0
162,subjects_427,0.017857143,0.017857143,0.017857143,0.017857143,0.089285714,0.107142857,0.214285714,0,0.125,0,0.107142857,0,0,0.017857143,0.071428571,0.017857143,0,0,0,0.035714286,0.017857143,0,0.035714286,0,0,0,0.017857143,0.017857143,0,0,0,0,0,0,0.017857143,0.017857143,0,0,0,0,0,0,0.017857143,0,0,0,0
163,subjects_429,0.014705882,0.014705882,0.014705882,0.014705882,0.014705882,0.176470588,0.279411765,0,0.044117647,0,0.088235294,0,0.014705882,0.117647059,0.058823529,0,0,0,0.014705882,0,0.029411765,0.029411765,0,0,0,0,0.044117647,0,0,0,0,0,0,0,0.014705882,0.014705882,0,0,0,0,0,0,0,0,0,0,0
164,subjects_431,0.009615385,0.009615385,0.009615385,0.009615385,0.028846154,0.163461538,0.211538462,0,0.125,0,0.048076923,0,0.019230769,0.028846154,0.009615385,0.009615385,0.009615385,0,0,0,0,0,0,0,0.009615385,0,0.028846154,0.009615385,0,0.028846154,0.028846154,0.105769231,0,0,0.009615385,0.019230769,0,0.009615385,0,0.038461538,0,0,0,0,0,0.019230769,0
165,subjects_433,0.011494253,0.011494253,0.011494253,0.011494253,0.034482759,0.16091954,0.24137931,0,0.149425287,0,0.126436782,0,0.011494253,0.022988506,0.034482759,0,0,0,0,0.011494253,0,0,0,0,0,0,0.034482759,0.011494253,0,0.045977011,0.045977011,0,0,0,0.011494253,0.011494253,0,0,0,0,0,0,0,0,0,0,0
166,subjects_435,0.016129032,0.016129032,0.016129032,0.016129032,0.048387097,0.032258065,0.048387097,0,0.241935484,0,0,0,0,0.032258065,0.016129032,0.016129032,0,0,0,0.016129032,0.032258065,0,0.016129032,0,0.032258065,0,0.064516129,0,0,0.016129032,0.032258065,0,0,0,0.016129032,0.129032258,0.129032258,0.016129032,0,0,0,0,0,0,0,0,0
167,subjects_437,0.009174312,0.009174312,0.009174312,0.009174312,0.073394495,0.146788991,0.165137615,0,0.073394495,0,0.009174312,0,0.064220183,0.009174312,0.100917431,0.009174312,0,0,0,0.082568807,0,0.04587156,0,0,0.018348624,0,0.100917431,0.009174312,0,0.009174312,0.018348624,0,0,0,0.009174312,0.009174312,0,0,0,0.009174312,0,0,0,0,0,0,0
168,subjects_439,0.014084507,0.014084507,0.014084507,0.014084507,0,0.14084507,0.295774648,0,0.183098592,0,0.183098592,0,0.014084507,0.042253521,0,0.014084507,0,0,0,0,0,0,0,0,0.014084507,0,0.028169014,0,0,0,0,0,0,0,0.014084507,0.014084507,0,0,0,0,0,0,0,0,0,0,0
169,subjects_441,0.011904762,0.011904762,0.011904762,0.011904762,0.095238095,0.023809524,0.130952381,0,0.142857143,0,0.047619048,0.011904762,0.05952381,0.047619048,0.142857143,0.023809524,0,0,0,0.035714286,0.035714286,0.011904762,0,0,0,0,0.071428571,0,0,0,0,0,0,0,0.011904762,0.035714286,0,0.023809524,0,0,0,0,0,0,0,0,0
170,subjects_443,0.022222222,0.022222222,0.022222222,0.022222222,0.022222222,0.244444444,0.155555556,0,0.111111111,0,0,0,0,0,0.222222222,0.022222222,0.022222222,0,0,0.022222222,0,0,0,0,0,0,0,0,0,0.022222222,0.022222222,0,0,0,0.022222222,0.022222222,0,0,0,0,0,0,0,0,0,0,0
171,subjects_445,0.037037037,0.037037037,0.037037037,0.037037037,0.074074074,0.074074074,0.037037037,0,0,0,0,0,0.111111111,0.037037037,0.074074074,0.037037037,0,0,0,0.111111111,0,0,0,0,0,0,0.111111111,0.037037037,0,0,0,0,0,0,0.037037037,0.074074074,0,0.037037037,0,0,0,0,0,0,0,0,0
172,subjects_447,0.010309278,0.010309278,0.010309278,0.010309278,0.051546392,0.154639175,0.18556701,0,0.113402062,0,0.082474227,0,0.030927835,0.06185567,0.06185567,0.010309278,0.020618557,0,0,0.041237113,0.010309278,0.010309278,0,0,0.010309278,0,0,0,0,0.010309278,0.010309278,0,0,0,0.010309278,0.041237113,0,0.030927835,0,0.010309278,0,0,0,0,0,0,0
173,subjects_449,0.021276596,0.021276596,0.021276596,0.021276596,0.085106383,0.106382979,0.212765957,0,0.085106383,0,0.042553191,0,0.042553191,0.042553191,0.106382979,0.021276596,0,0,0,0.021276596,0.021276596,0,0,0,0,0,0.021276596,0,0,0,0,0,0,0,0.021276596,0.042553191,0,0.021276596,0,0.021276596,0,0,0,0,0,0,0
174,subjects_451,0.017857143,0.017857143,0.017857143,0.017857143,0.035714286,0.089285714,0.160714286,0,0.053571429,0,0.071428571,0,0.017857143,0.053571429,0.142857143,0.053571429,0.035714286,0,0,0,0.035714286,0.053571429,0,0,0,0,0.053571429,0.017857143,0,0,0,0,0,0,0.017857143,0.017857143,0,0,0.017857143,0,0,0,0,0,0,0,0
175,subjects_453,0.008264463,0.008264463,0.008264463,0.008264463,0.033057851,0.066115702,0.20661157,0,0.223140496,0,0.148760331,0.024793388,0.041322314,0.041322314,0,0,0,0,0,0.024793388,0.008264463,0,0.008264463,0,0,0,0.099173554,0,0,0,0,0,0,0,0.008264463,0.008264463,0,0,0.024793388,0,0,0,0,0,0,0,0
176,subjects_455,0.017241379,0.017241379,0.017241379,0.017241379,0.034482759,0.086206897,0.25862069,0,0.189655172,0,0.086206897,0,0.051724138,0.017241379,0.068965517,0,0,0,0.017241379,0.034482759,0.017241379,0,0,0,0,0,0,0,0,0.017241379,0,0,0,0,0.017241379,0.017241379,0,0,0,0,0,0,0,0,0,0.017241379,0
177,subjects_457,0.012195122,0.012195122,0.012195122,0.012195122,0.097560976,0.109756098,0.195121951,0,0.024390244,0,0.097560976,0,0.06097561,0.048780488,0.073170732,0,0,0,0,0.024390244,0,0.024390244,0.024390244,0,0.012195122,0,0.085365854,0,0,0.012195122,0.012195122,0,0,0,0.012195122,0.024390244,0,0.012195122,0,0,0,0,0,0,0,0,0
178,subjects_459,0.016666667,0.016666667,0.016666667,0.016666667,0.033333333,0.133333333,0.333333333,0,0.1,0,0.133333333,0,0.1,0,0.016666667,0,0,0,0,0,0,0,0,0,0.016666667,0,0,0,0,0.016666667,0.016666667,0,0,0,0.016666667,0.016666667,0,0,0,0,0,0,0,0,0,0,0
179,subjects_461,0.009090909,0.009090909,0.009090909,0.009090909,0.045454545,0.154545455,0.172727273,0,0.2,0,0.072727273,0,0.027272727,0,0.072727273,0.009090909,0,0,0,0.045454545,0.009090909,0.009090909,0.009090909,0,0.009090909,0,0.045454545,0,0,0.036363636,0.018181818,0,0,0,0.009090909,0.009090909,0,0,0,0,0,0,0.009090909,0,0,0,0
180,subjects_463,0.012987013,0.012987013,0.012987013,0.012987013,0.038961039,0.090909091,0.233766234,0,0.207792208,0,0.103896104,0.012987013,0.064935065,0.012987013,0.064935065,0,0,0,0,0,0.012987013,0,0,0,0.012987013,0,0.064935065,0,0,0,0,0,0,0,0.012987013,0.012987013,0,0,0,0,0,0,0,0,0,0,0
181,subjects_465,0.014705882,0.014705882,0.014705882,0.014705882,0,0.176470588,0.25,0,0.132352941,0,0.073529412,0.014705882,0.014705882,0.014705882,0.088235294,0.014705882,0,0,0,0,0,0.014705882,0.044117647,0,0,0,0,0,0,0.029411765,0,0,0,0,0.014705882,0.014705882,0,0,0,0,0,0,0.044117647,0,0,0,0
182,subjects_467,0.022727273,0.022727273,0.022727273,0.022727273,0.090909091,0.068181818,0.136363636,0,0.068181818,0,0.045454545,0,0,0.136363636,0.159090909,0,0,0,0,0,0.045454545,0,0,0,0,0,0,0,0,0.045454545,0.068181818,0,0,0,0.022727273,0.022727273,0,0,0,0,0,0,0,0,0,0,0
183,subjects_469,0.166666667,0.166666667,0.166666667,0.166666667,0,0,0,0,0,0,0,0,0,0,0,0,0,0,0,0,0,0,0,0,0,0,0,0,0,0,0,0,0,0,0.166666667,0.166666667,0,0,0,0,0,0,0,0,0,0,0
184,subjects_471,0.021276596,0.021276596,0.021276596,0.021276596,0,0.085106383,0.234042553,0,0.191489362,0,0.085106383,0,0,0.021276596,0.127659574,0,0,0,0,0,0,0.021276596,0,0,0,0.021276596,0.021276596,0,0,0.042553191,0.021276596,0,0,0,0.021276596,0.021276596,0,0,0,0,0,0,0,0,0,0,0
185,subjects_473,0.013333333,0.013333333,0.013333333,0.013333333,0.04,0.146666667,0.226666667,0,0.133333333,0,0.08,0.013333333,0,0.053333333,0.066666667,0,0,0,0,0.026666667,0,0.013333333,0.013333333,0,0,0,0.053333333,0,0,0.013333333,0.013333333,0,0,0,0.013333333,0.026666667,0,0.013333333,0,0,0,0,0,0,0,0,0
186,subjects_475,0.014925373,0.014925373,0.014925373,0.014925373,0.104477612,0.119402985,0.194029851,0,0.089552239,0,0.029850746,0,0.074626866,0.044776119,0.074626866,0.029850746,0.029850746,0,0,0,0,0,0,0,0,0,0.029850746,0,0,0.029850746,0.029850746,0,0,0,0.014925373,0.029850746,0.014925373,0,0,0,0,0,0,0,0,0,0
187,subjects_477,0.015384615,0.015384615,0.015384615,0.015384615,0.076923077,0.107692308,0.2,0,0.123076923,0,0.092307692,0,0.015384615,0.030769231,0.138461538,0,0,0,0,0,0.030769231,0,0,0,0,0,0.061538462,0,0,0.030769231,0,0,0,0,0.015384615,0.015384615,0,0,0,0,0,0,0,0,0,0,0
188,subjects_479,0.010204082,0.010204082,0.010204082,0.010204082,0.102040816,0.112244898,0.255102041,0,0.071428571,0,0.112244898,0,0.020408163,0.040816327,0.010204082,0,0,0,0,0.051020408,0,0,0,0,0,0,0.12244898,0,0,0.020408163,0.020408163,0,0,0,0.010204082,0.010204082,0,0,0,0,0,0,0,0,0,0,0
189,subjects_481,0.020833333,0.020833333,0.020833333,0.020833333,0.041666667,0.145833333,0.208333333,0,0.0625,0,0.020833333,0,0.041666667,0.020833333,0.125,0,0,0,0,0.041666667,0.020833333,0.020833333,0,0,0,0,0.0625,0,0,0.041666667,0.020833333,0,0,0,0.020833333,0.020833333,0,0,0,0,0,0,0,0,0,0,0
190,subjects_483,0.011627907,0.011627907,0.011627907,0.011627907,0.046511628,0.162790698,0.26744186,0,0.139534884,0,0.139534884,0,0.023255814,0,0.034883721,0.011627907,0.011627907,0,0,0.046511628,0,0,0.011627907,0,0,0,0,0,0,0,0,0,0,0,0.011627907,0.011627907,0,0,0,0.023255814,0,0,0.011627907,0,0,0,0
191,subjects_485,0.013333333,0.013333333,0.013333333,0.013333333,0.013333333,0.133333333,0.293333333,0,0.146666667,0,0.186666667,0,0,0.026666667,0.026666667,0,0,0,0,0,0.013333333,0,0,0,0,0.026666667,0,0,0,0.013333333,0.013333333,0,0,0,0.013333333,0.013333333,0,0,0.013333333,0.013333333,0,0,0,0,0,0,0
192,subjects_487,0.010989011,0.010989011,0.010989011,0.010989011,0.021978022,0.142857143,0.263736264,0,0.076923077,0,0.131868132,0,0.021978022,0.021978022,0.032967033,0,0,0,0,0.010989011,0.043956044,0,0.065934066,0,0,0,0.043956044,0,0,0,0,0,0,0,0.010989011,0.032967033,0.021978022,0,0,0,0,0,0.010989011,0,0,0,0
193,subjects_489,0.166666667,0.166666667,0.166666667,0.166666667,0,0,0,0,0,0,0,0,0,0,0,0,0,0,0,0,0,0,0,0,0,0,0,0,0,0,0,0,0,0,0.166666667,0.166666667,0,0,0,0,0,0,0,0,0,0,0
194,subjects_491,0.009708738,0.009708738,0.009708738,0.009708738,0.029126214,0.174757282,0.233009709,0,0.106796117,0,0.116504854,0.009708738,0,0.029126214,0.048543689,0.048543689,0.019417476,0,0,0.009708738,0,0,0.038834951,0,0,0,0.019417476,0.009708738,0,0.009708738,0.009708738,0,0,0,0.009708738,0.009708738,0,0,0,0,0,0,0.029126214,0,0,0,0
195,subjects_493,0.013157895,0.013157895,0.013157895,0.013157895,0.052631579,0.184210526,0.263157895,0,0.078947368,0,0.039473684,0,0,0.078947368,0.065789474,0,0.026315789,0,0,0.013157895,0.026315789,0,0,0,0,0,0.026315789,0,0,0.013157895,0.013157895,0.013157895,0,0,0.013157895,0.026315789,0,0.013157895,0,0,0,0,0,0,0,0,0
196,subjects_495,0.012048193,0.012048193,0.012048193,0.012048193,0.036144578,0.168674699,0.096385542,0,0.084337349,0,0.084337349,0.072289157,0,0.072289157,0,0,0.012048193,0,0,0.024096386,0.024096386,0,0.120481928,0,0,0,0.024096386,0,0,0.024096386,0.012048193,0,0,0,0.012048193,0.012048193,0,0,0.012048193,0,0,0,0.060240964,0,0,0,0
197,subjects_497,0.015873016,0.015873016,0.015873016,0.015873016,0,0.126984127,0.301587302,0,0.206349206,0,0.063492063,0,0.047619048,0,0.063492063,0,0,0,0,0.015873016,0,0,0,0,0,0,0,0.015873016,0,0.031746032,0.031746032,0,0,0,0.015873016,0.015873016,0,0,0,0,0,0,0,0,0,0,0
198,subjects_499,0.010638298,0.010638298,0.010638298,0.010638298,0.042553191,0.14893617,0.159574468,0,0.085106383,0,0.042553191,0,0.031914894,0.031914894,0.053191489,0,0,0,0,0.021276596,0.053191489,0,0,0,0.010638298,0,0.063829787,0.031914894,0,0.031914894,0.031914894,0,0,0,0.010638298,0.053191489,0.042553191,0,0,0.010638298,0,0,0,0,0,0,0
199,subjects_501,0.02173913,0.02173913,0.02173913,0.02173913,0,0.173913043,0.326086957,0,0.173913043,0,0.065217391,0,0,0,0.065217391,0,0,0,0.02173913,0,0,0,0,0,0,0,0.02173913,0.02173913,0,0,0,0,0,0,0.02173913,0.02173913,0,0,0,0,0,0,0,0,0,0,0
200,subjects_503,0.083333333,0.083333333,0.083333333,0.083333333,0,0,0.25,0,0,0,0,0,0,0,0.083333333,0,0,0,0,0,0,0,0,0,0,0,0.083333333,0,0,0,0,0,0,0,0.083333333,0.083333333,0,0,0,0.083333333,0,0,0,0,0,0,0
201,subjects_505,0.010416667,0.010416667,0.010416667,0.010416667,0.041666667,0.145833333,0.197916667,0,0.052083333,0,0.125,0,0.083333333,0.041666667,0.03125,0.010416667,0.010416667,0,0,0,0.010416667,0,0.020833333,0,0,0,0.052083333,0,0,0.03125,0.041666667,0,0,0,0.010416667,0.020833333,0,0.010416667,0,0,0,0,0.020833333,0,0,0,0
202,subjects_507,0.011363636,0.011363636,0.011363636,0.011363636,0.034090909,0.181818182,0.227272727,0,0.181818182,0,0.056818182,0,0.056818182,0.034090909,0.034090909,0,0,0,0,0.068181818,0,0.011363636,0,0,0,0,0,0,0,0.022727273,0.022727273,0,0,0,0.011363636,0.011363636,0,0,0,0,0,0,0,0,0,0,0
203,subjects_509,0.019230769,0.019230769,0.019230769,0.019230769,0.076923077,0.096153846,0.173076923,0,0.153846154,0,0.038461538,0.019230769,0.038461538,0.038461538,0.057692308,0,0,0,0,0,0.019230769,0.019230769,0.019230769,0,0,0,0,0,0,0.057692308,0.057692308,0,0,0,0.019230769,0.019230769,0,0,0,0,0,0,0.019230769,0,0,0,0
204,subjects_511,0.01754386,0.01754386,0.01754386,0.01754386,0.070175439,0.192982456,0.192982456,0,0.035087719,0,0.122807018,0,0.01754386,0.035087719,0.087719298,0,0,0,0,0.01754386,0.01754386,0.035087719,0,0,0,0.01754386,0.01754386,0,0,0.01754386,0.01754386,0,0,0,0.01754386,0.01754386,0,0,0,0,0,0,0,0,0,0,0
205,subjects_513,0.015151515,0.015151515,0.015151515,0.015151515,0.015151515,0.090909091,0.242424242,0,0.151515152,0,0.075757576,0,0.015151515,0.060606061,0.075757576,0.015151515,0,0,0,0.03030303,0.075757576,0.015151515,0,0,0,0,0.045454545,0,0,0,0,0,0,0,0.015151515,0.015151515,0,0,0,0,0,0,0,0,0,0,0
206,subjects_515,0.018181818,0.018181818,0.018181818,0.018181818,0.090909091,0.072727273,0.018181818,0,0.054545455,0,0.054545455,0.036363636,0.036363636,0.054545455,0.090909091,0,0,0,0,0.018181818,0.163636364,0.036363636,0,0,0.018181818,0,0.072727273,0,0,0.036363636,0.036363636,0,0,0,0.018181818,0.018181818,0,0,0,0,0,0,0,0,0,0,0
207,subjects_517,0.011764706,0.011764706,0.011764706,0.011764706,0.023529412,0.058823529,0.223529412,0,0.164705882,0,0.105882353,0.047058824,0.082352941,0.023529412,0.058823529,0,0,0,0.011764706,0,0,0.011764706,0,0,0,0,0,0,0,0.035294118,0.023529412,0,0,0,0.011764706,0.023529412,0.011764706,0,0.035294118,0,0,0,0,0,0,0,0
208,subjects_519,0.009090909,0.009090909,0.009090909,0.009090909,0.018181818,0.218181818,0.218181818,0,0.227272727,0,0.163636364,0.018181818,0.018181818,0.027272727,0.027272727,0.018181818,0.009090909,0,0,0,0,0,0,0,0,0,0,0,0,0,0,0,0,0,0,0,0,0,0,0,0,0,0,0,0,0,0
209,subjects_521,0.009259259,0.009259259,0.009259259,0.009259259,0.055555556,0.12037037,0.185185185,0,0.166666667,0,0.166666667,0.009259259,0.046296296,0.046296296,0.074074074,0.009259259,0.009259259,0,0.009259259,0.037037037,0.009259259,0.009259259,0.009259259,0,0,0,0,0,0,0,0,0,0,0,0,0,0,0,0,0,0,0,0,0,0,0,0
210,subjects_523,0.011235955,0.011235955,0.011235955,0.011235955,0.033707865,0.112359551,0.146067416,0,0.101123596,0,0.235955056,0,0.123595506,0.011235955,0.078651685,0,0,0,0,0,0,0,0.04494382,0.011235955,0.02247191,0.033707865,0,0,0,0,0,0,0,0,0,0,0,0,0,0,0,0,0,0,0,0,0
211,subjects_525,0.009259259,0.009259259,0.009259259,0.009259259,0.046296296,0.092592593,0.222222222,0,0.157407407,0,0.12037037,0,0.018518519,0.055555556,0.027777778,0,0,0,0,0.037037037,0,0.009259259,0.055555556,0,0,0,0.055555556,0.009259259,0,0.027777778,0.018518519,0.009259259,0,0,0,0,0,0,0,0,0,0,0,0,0,0,0
212,subjects_527,0.020833333,0.020833333,0.020833333,0.020833333,0.041666667,0.083333333,0.125,0,0.041666667,0,0.125,0,0.104166667,0.020833333,0.125,0,0,0,0,0.041666667,0,0,0.041666667,0,0,0,0.125,0,0,0.041666667,0,0,0,0,0,0,0,0,0,0,0,0,0,0,0,0,0
213,subjects_529,0.033333333,0.033333333,0.033333333,0.033333333,0.166666667,0.166666667,0.133333333,0,0.2,0,0,0,0,0.1,0.033333333,0,0,0,0.033333333,0,0,0,0,0,0,0,0.033333333,0,0,0,0,0,0,0,0,0,0,0,0,0,0,0,0,0,0,0,0
214,subjects_531,0.010752688,0.010752688,0.010752688,0.010752688,0.11827957,0.150537634,0.11827957,0,0.107526882,0,0.129032258,0,0.032258065,0.010752688,0.064516129,0.010752688,0.021505376,0,0.010752688,0.010752688,0.010752688,0,0.043010753,0,0.043010753,0.010752688,0.010752688,0.032258065,0,0.010752688,0.010752688,0,0,0,0,0,0,0,0,0,0,0,0,0,0,0,0
215,subjects_533,0.022727273,0.022727273,0.022727273,0.022727273,0.113636364,0.113636364,0.068181818,0,0.090909091,0,0.045454545,0,0.068181818,0.045454545,0.090909091,0,0,0,0,0.022727273,0,0,0,0,0,0,0.159090909,0,0,0.045454545,0.045454545,0,0,0,0,0,0,0,0,0,0,0,0,0,0,0,0
216,subjects_535,0.015625,0.015625,0.015625,0.015625,0.140625,0.171875,0.0625,0,0.109375,0,0,0,0.015625,0.15625,0.03125,0,0,0,0.078125,0.015625,0.015625,0.015625,0,0,0.03125,0,0.015625,0,0,0.03125,0.046875,0,0,0,0,0,0,0,0,0,0,0,0,0,0,0,0
217,subjects_537,0.01369863,0.01369863,0.01369863,0.01369863,0.123287671,0.04109589,0.178082192,0,0.178082192,0,0.054794521,0,0.01369863,0.02739726,0.164383562,0,0,0,0,0,0,0.02739726,0.01369863,0,0,0,0.095890411,0,0,0.01369863,0.01369863,0,0,0,0,0,0,0,0,0,0,0,0,0,0,0,0
218,subjects_539,0.008064516,0.008064516,0.008064516,0.008064516,0.096774194,0.080645161,0.096774194,0,0.112903226,0,0.080645161,0,0.016129032,0.016129032,0.016129032,0.056451613,0.008064516,0,0.008064516,0.016129032,0,0.008064516,0,0.008064516,0,0,0.064516129,0.016129032,0,0.016129032,0.016129032,0,0,0,0.008064516,0.112903226,0.080645161,0.032258065,0,0,0,0,0,0,0,0,0
219,subjects_541,0.011627907,0.011627907,0.011627907,0.011627907,0.069767442,0.093023256,0.313953488,0,0.081395349,0,0.209302326,0,0.011627907,0.034883721,0.023255814,0,0,0,0,0,0.011627907,0,0,0,0,0,0.023255814,0,0,0.023255814,0.023255814,0,0,0,0.011627907,0.011627907,0,0,0.011627907,0,0,0,0,0,0,0,0
220,subjects_543,0.010989011,0.010989011,0.010989011,0.010989011,0.120879121,0.164835165,0.208791209,0,0.131868132,0,0.065934066,0,0.010989011,0.043956044,0.032967033,0.021978022,0.010989011,0,0,0.032967033,0.010989011,0,0,0,0,0,0.010989011,0,0,0.021978022,0.021978022,0,0,0,0.010989011,0.021978022,0.010989011,0,0,0,0,0,0,0,0,0,0
221,subjects_545,0.017241379,0.017241379,0.017241379,0.017241379,0.017241379,0.034482759,0.224137931,0,0.24137931,0,0.103448276,0,0,0,0.103448276,0.017241379,0,0,0,0.034482759,0,0.017241379,0,0,0.017241379,0,0.034482759,0,0,0.051724138,0,0,0,0,0.017241379,0.017241379,0,0,0,0,0,0,0,0,0,0,0
222,subjects_547,0.008196721,0.008196721,0.008196721,0.008196721,0.090163934,0.12295082,0.180327869,0,0.098360656,0,0.073770492,0,0.024590164,0.032786885,0.081967213,0,0,0,0,0.049180328,0.016393443,0.008196721,0.008196721,0,0.040983607,0,0.073770492,0.024590164,0,0,0,0,0,0,0.008196721,0.016393443,0,0.008196721,0,0.008196721,0,0,0,0,0,0,0
223,subjects_549,0.020408163,0.020408163,0.020408163,0.020408163,0.12244898,0.081632653,0.285714286,0,0.081632653,0,0.12244898,0.020408163,0.020408163,0.020408163,0.020408163,0.040816327,0,0,0,0.020408163,0.020408163,0,0,0,0,0,0.020408163,0,0,0,0,0,0,0,0.020408163,0.020408163,0,0,0,0,0,0,0,0,0,0,0
224,subjects_551,0.02,0.02,0.02,0.02,0.12,0.1,0.12,0,0.04,0,0.02,0,0.04,0,0.12,0.04,0.04,0,0,0.04,0,0.02,0,0,0,0,0.02,0,0,0,0,0.02,0,0,0.02,0.08,0.04,0.02,0.02,0,0,0,0,0,0,0,0
225,subjects_553,0.00990099,0.00990099,0.00990099,0.00990099,0.059405941,0.069306931,0.227722772,0,0.099009901,0,0.138613861,0.03960396,0,0.089108911,0.02970297,0,0,0,0,0.00990099,0.00990099,0.059405941,0,0,0,0,0.03960396,0,0,0.03960396,0.02970297,0,0,0,0.00990099,0.00990099,0,0,0,0,0,0,0,0,0,0,0
226,subjects_555,0.016129032,0.016129032,0.016129032,0.016129032,0.080645161,0.161290323,0.177419355,0,0.129032258,0,0.080645161,0,0.032258065,0.064516129,0.112903226,0,0,0,0,0,0.016129032,0.016129032,0.016129032,0,0,0,0,0,0,0,0,0,0,0,0.016129032,0.016129032,0,0,0.016129032,0,0,0,0,0,0,0,0
227,subjects_557,0.013333333,0.013333333,0.013333333,0.013333333,0.08,0.133333333,0.24,0,0.146666667,0,0.04,0.026666667,0,0.066666667,0,0.026666667,0,0,0,0,0.053333333,0,0.053333333,0,0,0,0.013333333,0.013333333,0,0,0,0,0,0,0.013333333,0.026666667,0,0.013333333,0,0,0,0,0,0,0,0,0
228,subjects_559,0.019607843,0.019607843,0.019607843,0.019607843,0.019607843,0.156862745,0.215686275,0,0.176470588,0,0.137254902,0.019607843,0.019607843,0,0,0,0,0,0,0.019607843,0,0,0.058823529,0,0,0.019607843,0.019607843,0,0,0,0,0,0,0,0.019607843,0.019607843,0,0,0,0.019607843,0,0,0,0,0,0,0
229,subjects_561,0.014705882,0.014705882,0.014705882,0.014705882,0.044117647,0.073529412,0.205882353,0,0.088235294,0,0.161764706,0,0,0.147058824,0,0.029411765,0,0,0,0.058823529,0.029411765,0,0.058823529,0,0,0.014705882,0,0,0,0,0,0,0,0,0.014705882,0.014705882,0,0,0,0,0,0,0,0,0,0,0
230,subjects_563,0.011111111,0.011111111,0.011111111,0.011111111,0.044444444,0.144444444,0.222222222,0,0.111111111,0,0.055555556,0,0.011111111,0.011111111,0.055555556,0.022222222,0,0,0,0.077777778,0.011111111,0.011111111,0,0,0.022222222,0,0.033333333,0,0,0.055555556,0.044444444,0,0,0,0.011111111,0.011111111,0,0,0,0,0,0,0,0,0,0,0
231,subjects_565,0.009009009,0.009009009,0.009009009,0.009009009,0.081081081,0.054054054,0.153153153,0,0.171171171,0,0.054054054,0,0.072072072,0.018018018,0.036036036,0,0,0,0,0.027027027,0.036036036,0,0.009009009,0,0.009009009,0,0.018018018,0.009009009,0,0.027027027,0.027027027,0.009009009,0,0,0.009009009,0.063063063,0.018018018,0.036036036,0.009009009,0.009009009,0,0.009009009,0,0,0,0,0
232,subjects_567,0.00862069,0.00862069,0.00862069,0.00862069,0.068965517,0.112068966,0.284482759,0,0.103448276,0,0.198275862,0,0,0.025862069,0.025862069,0.00862069,0,0,0,0.017241379,0,0,0.034482759,0,0,0,0.051724138,0,0,0,0,0,0,0,0.00862069,0.017241379,0,0.00862069,0,0,0,0,0,0,0,0,0
233,subjects_569,0.014925373,0.014925373,0.014925373,0.014925373,0.119402985,0.119402985,0.134328358,0,0.149253731,0,0.044776119,0.014925373,0.029850746,0.014925373,0.119402985,0,0,0,0,0.014925373,0.014925373,0,0,0,0,0,0.059701493,0,0,0,0,0,0,0,0.014925373,0.044776119,0,0.029850746,0,0.014925373,0,0,0,0,0,0,0
234,subjects_571,0.018181818,0.018181818,0.018181818,0.018181818,0.072727273,0.054545455,0.090909091,0,0.036363636,0,0,0,0,0.072727273,0.072727273,0,0,0,0,0,0.036363636,0.036363636,0,0,0,0,0.090909091,0.018181818,0,0.018181818,0.018181818,0,0,0,0.018181818,0.127272727,0.054545455,0.054545455,0,0.054545455,0,0,0,0,0,0,0
235,subjects_573,0.014285714,0.014285714,0.014285714,0.014285714,0.071428571,0.042857143,0.071428571,0,0.1,0,0,0,0.028571429,0.028571429,0.085714286,0,0,0,0,0.028571429,0.014285714,0.014285714,0.014285714,0,0,0,0.142857143,0,0,0,0.028571429,0,0,0,0.014285714,0.114285714,0.071428571,0.028571429,0.014285714,0.014285714,0,0,0.014285714,0,0,0,0
236,subjects_575,0.015151515,0.015151515,0.015151515,0.015151515,0.045454545,0.181818182,0.181818182,0,0.136363636,0,0.090909091,0,0,0.03030303,0.075757576,0.03030303,0,0,0,0.060606061,0.03030303,0.015151515,0,0,0,0,0,0,0,0,0,0,0,0,0.015151515,0.03030303,0,0.015151515,0,0,0,0,0,0,0,0,0
237,subjects_577,0.015873016,0.015873016,0.015873016,0.015873016,0.047619048,0.19047619,0.158730159,0,0.142857143,0,0.079365079,0.015873016,0.015873016,0.015873016,0.079365079,0,0,0,0,0.015873016,0,0.015873016,0,0,0,0,0.015873016,0,0,0.031746032,0.031746032,0.015873016,0,0,0.015873016,0.031746032,0,0.015873016,0,0,0,0,0,0,0,0,0
238,subjects_579,0.007751938,0.007751938,0.007751938,0.007751938,0.062015504,0.131782946,0.201550388,0,0.170542636,0,0.139534884,0.015503876,0.03875969,0.085271318,0,0,0,0,0.007751938,0,0,0.007751938,0.015503876,0,0,0,0.062015504,0,0,0.007751938,0.007751938,0,0,0,0.007751938,0.007751938,0,0,0,0,0,0,0,0,0,0,0
239,subjects_581,0.010526316,0.010526316,0.010526316,0.010526316,0.031578947,0.126315789,0.231578947,0,0.189473684,0,0.136842105,0.010526316,0,0.063157895,0.063157895,0.021052632,0,0,0,0,0.010526316,0.010526316,0.021052632,0,0,0,0.021052632,0,0,0,0,0,0,0,0.010526316,0.010526316,0,0,0,0,0,0,0,0,0,0,0
240,subjects_583,0.009803922,0.009803922,0.009803922,0.009803922,0.088235294,0.049019608,0.205882353,0,0.176470588,0,0.12745098,0.009803922,0.088235294,0.039215686,0.019607843,0,0,0,0,0.009803922,0.009803922,0.009803922,0,0,0.009803922,0.009803922,0.009803922,0,0,0.029411765,0.019607843,0,0,0,0.009803922,0.009803922,0,0,0.019607843,0,0,0,0,0,0.009803922,0,0
241,subjects_585,0.009615385,0.009615385,0.009615385,0.009615385,0.105769231,0.105769231,0.182692308,0,0.192307692,0,0.057692308,0,0.125,0.019230769,0.009615385,0,0,0,0,0.019230769,0,0,0,0,0,0,0.057692308,0,0,0,0,0,0,0,0.009615385,0.028846154,0.009615385,0.009615385,0,0,0,0,0,0,0.028846154,0,0
242,subjects_587,0.010989011,0.010989011,0.010989011,0.010989011,0.153846154,0.142857143,0.153846154,0,0.098901099,0,0.010989011,0,0,0.087912088,0.043956044,0,0,0,0,0.021978022,0.076923077,0.010989011,0,0,0,0,0.021978022,0,0,0.021978022,0.021978022,0,0,0,0.010989011,0.043956044,0.021978022,0.010989011,0,0,0,0,0,0,0,0,0
243,subjects_589,0.166666667,0.166666667,0.166666667,0.166666667,0,0,0,0,0,0,0,0,0,0,0,0,0,0,0,0,0,0,0,0,0,0,0,0,0,0,0,0,0,0,0.166666667,0.166666667,0,0,0,0,0,0,0,0,0,0,0
244,subjects_591,0.011111111,0.011111111,0.011111111,0.011111111,0.055555556,0.133333333,0.211111111,0,0.2,0,0.166666667,0,0.011111111,0,0.044444444,0,0,0,0,0.033333333,0,0,0,0,0,0.011111111,0.066666667,0,0,0,0,0,0,0,0.011111111,0.011111111,0,0,0,0,0,0,0,0,0,0,0
245,subjects_593,0.047619048,0.047619048,0.047619048,0.047619048,0.047619048,0.142857143,0.095238095,0,0,0,0,0,0.142857143,0,0.142857143,0,0,0,0,0,0,0,0,0,0,0,0.142857143,0,0,0,0,0,0,0,0.047619048,0.047619048,0,0,0,0,0,0,0,0,0,0,0
246,subjects_595,0.011111111,0.011111111,0.011111111,0.011111111,0.088888889,0.111111111,0.122222222,0,0.122222222,0,0.044444444,0,0.166666667,0.011111111,0,0.011111111,0,0,0,0.055555556,0.022222222,0.033333333,0,0,0,0,0.111111111,0.011111111,0,0,0.022222222,0,0,0,0.011111111,0.011111111,0,0,0,0,0,0,0,0,0,0,0
247,subjects_597,0.016666667,0.016666667,0.016666667,0.016666667,0.066666667,0.083333333,0.116666667,0,0.083333333,0,0.083333333,0,0.066666667,0.016666667,0.05,0.033333333,0,0,0,0,0.016666667,0,0,0,0.033333333,0,0.066666667,0.083333333,0,0,0,0,0,0,0.016666667,0.066666667,0,0.05,0,0,0,0,0,0,0,0,0
248,subjects_599,0.019230769,0.019230769,0.019230769,0.019230769,0.038461538,0.153846154,0.211538462,0,0.230769231,0,0.096153846,0,0,0.057692308,0,0.019230769,0,0,0,0,0.038461538,0,0,0,0,0,0,0,0,0.019230769,0,0,0,0,0.019230769,0.019230769,0,0,0.019230769,0,0,0,0,0,0,0,0
249,subjects_601,0.018181818,0.018181818,0.018181818,0.018181818,0.072727273,0.127272727,0.090909091,0,0.018181818,0,0,0,0,0.018181818,0.163636364,0,0,0,0,0.018181818,0.036363636,0.054545455,0.018181818,0,0.036363636,0,0.036363636,0.018181818,0,0,0,0,0,0,0.018181818,0.090909091,0.036363636,0.036363636,0,0.018181818,0,0,0,0,0.018181818,0,0
250,subjects_603,0.016393443,0.016393443,0.016393443,0.016393443,0.098360656,0.114754098,0.147540984,0,0.081967213,0,0.016393443,0,0.049180328,0,0.081967213,0.016393443,0,0,0,0.081967213,0,0,0,0,0,0,0.098360656,0.032786885,0,0.016393443,0.016393443,0,0,0,0.016393443,0.032786885,0.016393443,0,0,0,0,0,0,0,0,0.016393443,0
251,subjects_605,0.015151515,0.015151515,0.015151515,0.015151515,0.075757576,0.136363636,0.166666667,0,0.242424242,0,0.106060606,0,0,0.015151515,0,0,0,0,0.03030303,0.015151515,0,0.015151515,0,0,0.015151515,0,0.090909091,0,0,0,0,0,0,0,0.015151515,0.015151515,0,0,0,0,0,0,0,0,0,0,0
252,subjects_607,0.016949153,0.016949153,0.016949153,0.016949153,0.118644068,0.152542373,0.203389831,0,0.186440678,0,0.152542373,0,0.016949153,0,0,0.033898305,0,0,0,0,0,0,0,0,0,0,0.016949153,0,0,0.016949153,0,0,0,0,0.016949153,0.016949153,0,0,0,0,0,0,0,0,0,0,0
253,subjects_609,0.021276596,0.021276596,0.021276596,0.021276596,0.063829787,0.106382979,0.255319149,0,0.021276596,0,0,0,0.106382979,0.085106383,0.127659574,0,0,0,0,0.021276596,0.021276596,0.021276596,0,0,0,0,0,0,0,0.021276596,0,0,0,0,0.021276596,0.021276596,0,0,0,0.021276596,0,0,0,0,0,0,0
254,subjects_611,0.02173913,0.02173913,0.02173913,0.02173913,0.02173913,0.130434783,0.260869565,0,0.130434783,0,0.152173913,0,0,0.043478261,0.02173913,0,0,0,0.043478261,0.043478261,0.02173913,0,0,0,0,0,0,0,0,0,0,0,0,0,0.02173913,0.02173913,0,0,0,0,0,0,0,0,0,0,0
255,subjects_613,0.010204082,0.010204082,0.010204082,0.010204082,0.030612245,0.051020408,0.285714286,0,0.183673469,0,0.112244898,0,0.020408163,0.06122449,0.081632653,0.010204082,0,0,0,0.010204082,0,0,0.040816327,0,0,0,0.030612245,0,0,0,0,0,0,0,0.010204082,0.010204082,0,0,0.010204082,0,0,0,0.010204082,0,0,0,0
256,subjects_615,0.01010101,0.01010101,0.01010101,0.01010101,0.060606061,0.131313131,0.262626263,0,0.141414141,0,0.111111111,0.02020202,0.080808081,0.03030303,0.01010101,0,0,0,0,0.04040404,0.02020202,0,0,0,0,0,0,0,0,0.01010101,0.02020202,0,0,0,0.01010101,0.01010101,0,0,0,0,0,0,0,0,0,0,0
257,subjects_617,0.015151515,0.015151515,0.015151515,0.015151515,0.090909091,0.075757576,0.166666667,0,0.015151515,0,0.060606061,0,0.060606061,0.015151515,0.075757576,0,0,0,0,0.015151515,0,0,0.090909091,0,0.045454545,0,0.015151515,0.075757576,0,0.015151515,0,0.075757576,0,0,0.015151515,0.015151515,0,0,0,0,0,0,0,0,0.015151515,0,0
258,subjects_619,0.011494253,0.011494253,0.011494253,0.011494253,0.126436782,0.103448276,0.08045977,0,0.034482759,0,0.045977011,0,0.068965517,0,0.172413793,0,0,0,0,0.022988506,0.011494253,0.011494253,0,0,0,0,0,0,0,0.045977011,0.022988506,0,0,0,0.011494253,0.103448276,0.091954023,0,0,0,0,0,0,0,0,0,0
259,subjects_621,0.008547009,0.008547009,0.008547009,0.008547009,0.042735043,0.128205128,0.230769231,0,0.179487179,0,0.111111111,0,0.034188034,0.034188034,0.008547009,0,0,0,0.008547009,0.034188034,0.008547009,0,0,0,0,0,0.034188034,0,0,0.042735043,0.051282051,0,0,0,0.008547009,0.008547009,0,0,0,0,0,0,0,0,0,0,0
260,subjects_623,0.014084507,0.014084507,0.014084507,0.014084507,0.070422535,0.169014085,0.295774648,0,0.14084507,0,0.14084507,0,0.028169014,0.014084507,0.056338028,0,0,0,0,0,0,0,0,0,0,0,0,0,0,0,0,0,0,0,0.014084507,0.014084507,0,0,0,0,0,0,0,0,0,0,0
261,subjects_625,0.008333333,0.008333333,0.008333333,0.008333333,0.1,0.116666667,0.25,0,0.158333333,0,0.066666667,0,0.05,0.016666667,0.033333333,0.05,0,0,0,0,0,0,0,0,0.008333333,0,0.008333333,0.041666667,0,0,0,0.008333333,0,0,0.008333333,0.016666667,0.008333333,0,0,0.025,0,0,0,0,0,0,0
262,subjects_627,0.008474576,0.008474576,0.008474576,0.008474576,0.093220339,0.110169492,0.169491525,0,0.161016949,0,0.093220339,0,0.008474576,0.093220339,0.025423729,0,0,0,0.025423729,0.016949153,0.008474576,0.016949153,0.025423729,0,0,0,0.06779661,0,0,0.016949153,0.016949153,0,0,0,0.008474576,0.008474576,0,0,0,0,0,0,0,0,0,0,0
263,subjects_629,0.02173913,0.02173913,0.02173913,0.02173913,0.02173913,0.152173913,0.173913043,0,0.108695652,0,0.086956522,0.02173913,0.02173913,0.02173913,0.043478261,0,0,0,0,0,0.108695652,0,0,0,0,0,0.043478261,0.02173913,0,0.02173913,0.02173913,0,0,0,0.02173913,0.02173913,0,0,0,0,0,0,0,0,0,0,0
264,subjects_631,0.03125,0.03125,0.03125,0.03125,0.0625,0.03125,0.0625,0,0,0,0,0,0,0.03125,0.1875,0.0625,0.03125,0,0,0.0625,0.0625,0,0,0,0.09375,0,0.0625,0,0,0.03125,0.03125,0,0,0,0.03125,0.03125,0,0,0,0,0,0,0,0,0,0,0
265,subjects_633,0.018181818,0.018181818,0.018181818,0.018181818,0.018181818,0.145454545,0.345454545,0,0.090909091,0,0.127272727,0,0,0.090909091,0,0,0,0,0,0.072727273,0,0,0,0,0,0,0,0,0,0,0,0,0,0,0.018181818,0.018181818,0,0,0,0,0,0,0,0,0,0,0
266,subjects_635,0.017857143,0.017857143,0.017857143,0.017857143,0.089285714,0.107142857,0.214285714,0,0.125,0,0.107142857,0,0,0.017857143,0.071428571,0.017857143,0,0,0,0.035714286,0.017857143,0,0.035714286,0,0,0,0.017857143,0.017857143,0,0,0,0,0,0,0.017857143,0.017857143,0,0,0,0,0,0,0.017857143,0,0,0,0
267,subjects_637,0.014705882,0.014705882,0.014705882,0.014705882,0.014705882,0.176470588,0.279411765,0,0.044117647,0,0.088235294,0,0.014705882,0.117647059,0.058823529,0,0,0,0.014705882,0,0.029411765,0.029411765,0,0,0,0,0.044117647,0,0,0,0,0,0,0,0.014705882,0.014705882,0,0,0,0,0,0,0,0,0,0,0
268,subjects_639,0.009615385,0.009615385,0.009615385,0.009615385,0.028846154,0.163461538,0.211538462,0,0.125,0,0.048076923,0,0.019230769,0.028846154,0.009615385,0.009615385,0.009615385,0,0,0,0,0,0,0,0.009615385,0,0.028846154,0.009615385,0,0.028846154,0.028846154,0.105769231,0,0,0.009615385,0.019230769,0,0.009615385,0,0.038461538,0,0,0,0,0,0.019230769,0
269,subjects_641,0.011494253,0.011494253,0.011494253,0.011494253,0.034482759,0.16091954,0.24137931,0,0.149425287,0,0.126436782,0,0.011494253,0.022988506,0.034482759,0,0,0,0,0.011494253,0,0,0,0,0,0,0.034482759,0.011494253,0,0.045977011,0.045977011,0,0,0,0.011494253,0.011494253,0,0,0,0,0,0,0,0,0,0,0
270,subjects_643,0.016129032,0.016129032,0.016129032,0.016129032,0.048387097,0.032258065,0.048387097,0,0.241935484,0,0,0,0,0.032258065,0.016129032,0.016129032,0,0,0,0.016129032,0.032258065,0,0.016129032,0,0.032258065,0,0.064516129,0,0,0.016129032,0.032258065,0,0,0,0.016129032,0.129032258,0.129032258,0.016129032,0,0,0,0,0,0,0,0,0
271,subjects_645,0.009174312,0.009174312,0.009174312,0.009174312,0.073394495,0.146788991,0.165137615,0,0.073394495,0,0.009174312,0,0.064220183,0.009174312,0.100917431,0.009174312,0,0,0,0.082568807,0,0.04587156,0,0,0.018348624,0,0.100917431,0.009174312,0,0.009174312,0.018348624,0,0,0,0.009174312,0.009174312,0,0,0,0.009174312,0,0,0,0,0,0,0
272,subjects_647,0.014084507,0.014084507,0.014084507,0.014084507,0,0.14084507,0.295774648,0,0.183098592,0,0.183098592,0,0.014084507,0.042253521,0,0.014084507,0,0,0,0,0,0,0,0,0.014084507,0,0.028169014,0,0,0,0,0,0,0,0.014084507,0.014084507,0,0,0,0,0,0,0,0,0,0,0
273,subjects_649,0.011904762,0.011904762,0.011904762,0.011904762,0.095238095,0.023809524,0.130952381,0,0.142857143,0,0.047619048,0.011904762,0.05952381,0.047619048,0.142857143,0.023809524,0,0,0,0.035714286,0.035714286,0.011904762,0,0,0,0,0.071428571,0,0,0,0,0,0,0,0.011904762,0.035714286,0,0.023809524,0,0,0,0,0,0,0,0,0
274,subjects_651,0.022222222,0.022222222,0.022222222,0.022222222,0.022222222,0.244444444,0.155555556,0,0.111111111,0,0,0,0,0,0.222222222,0.022222222,0.022222222,0,0,0.022222222,0,0,0,0,0,0,0,0,0,0.022222222,0.022222222,0,0,0,0.022222222,0.022222222,0,0,0,0,0,0,0,0,0,0,0
275,subjects_653,0.037037037,0.037037037,0.037037037,0.037037037,0.074074074,0.074074074,0.037037037,0,0,0,0,0,0.111111111,0.037037037,0.074074074,0.037037037,0,0,0,0.111111111,0,0,0,0,0,0,0.111111111,0.037037037,0,0,0,0,0,0,0.037037037,0.074074074,0,0.037037037,0,0,0,0,0,0,0,0,0
276,subjects_655,0.010309278,0.010309278,0.010309278,0.010309278,0.051546392,0.154639175,0.18556701,0,0.113402062,0,0.082474227,0,0.030927835,0.06185567,0.06185567,0.010309278,0.020618557,0,0,0.041237113,0.010309278,0.010309278,0,0,0.010309278,0,0,0,0,0.010309278,0.010309278,0,0,0,0.010309278,0.041237113,0,0.030927835,0,0.010309278,0,0,0,0,0,0,0
277,subjects_657,0.021276596,0.021276596,0.021276596,0.021276596,0.085106383,0.106382979,0.212765957,0,0.085106383,0,0.042553191,0,0.042553191,0.042553191,0.106382979,0.021276596,0,0,0,0.021276596,0.021276596,0,0,0,0,0,0.021276596,0,0,0,0,0,0,0,0.021276596,0.042553191,0,0.021276596,0,0.021276596,0,0,0,0,0,0,0
278,subjects_659,0.017857143,0.017857143,0.017857143,0.017857143,0.035714286,0.089285714,0.160714286,0,0.053571429,0,0.071428571,0,0.017857143,0.053571429,0.142857143,0.053571429,0.035714286,0,0,0,0.035714286,0.053571429,0,0,0,0,0.053571429,0.017857143,0,0,0,0,0,0,0.017857143,0.017857143,0,0,0.017857143,0,0,0,0,0,0,0,0
279,subjects_661,0.008264463,0.008264463,0.008264463,0.008264463,0.033057851,0.066115702,0.20661157,0,0.223140496,0,0.148760331,0.024793388,0.041322314,0.041322314,0,0,0,0,0,0.024793388,0.008264463,0,0.008264463,0,0,0,0.099173554,0,0,0,0,0,0,0,0.008264463,0.008264463,0,0,0.024793388,0,0,0,0,0,0,0,0
280,subjects_663,0.017241379,0.017241379,0.017241379,0.017241379,0.034482759,0.086206897,0.25862069,0,0.189655172,0,0.086206897,0,0.051724138,0.017241379,0.068965517,0,0,0,0.017241379,0.034482759,0.017241379,0,0,0,0,0,0,0,0,0.017241379,0,0,0,0,0.017241379,0.017241379,0,0,0,0,0,0,0,0,0,0.017241379,0
281,subjects_665,0.012195122,0.012195122,0.012195122,0.012195122,0.097560976,0.109756098,0.195121951,0,0.024390244,0,0.097560976,0,0.06097561,0.048780488,0.073170732,0,0,0,0,0.024390244,0,0.024390244,0.024390244,0,0.012195122,0,0.085365854,0,0,0.012195122,0.012195122,0,0,0,0.012195122,0.024390244,0,0.012195122,0,0,0,0,0,0,0,0,0
282,subjects_667,0.016666667,0.016666667,0.016666667,0.016666667,0.033333333,0.133333333,0.333333333,0,0.1,0,0.133333333,0,0.1,0,0.016666667,0,0,0,0,0,0,0,0,0,0.016666667,0,0,0,0,0.016666667,0.016666667,0,0,0,0.016666667,0.016666667,0,0,0,0,0,0,0,0,0,0,0
283,subjects_669,0.009090909,0.009090909,0.009090909,0.009090909,0.045454545,0.154545455,0.172727273,0,0.2,0,0.072727273,0,0.027272727,0,0.072727273,0.009090909,0,0,0,0.045454545,0.009090909,0.009090909,0.009090909,0,0.009090909,0,0.045454545,0,0,0.036363636,0.018181818,0,0,0,0.009090909,0.009090909,0,0,0,0,0,0,0.009090909,0,0,0,0
284,subjects_671,0.012987013,0.012987013,0.012987013,0.012987013,0.038961039,0.090909091,0.233766234,0,0.207792208,0,0.103896104,0.012987013,0.064935065,0.012987013,0.064935065,0,0,0,0,0,0.012987013,0,0,0,0.012987013,0,0.064935065,0,0,0,0,0,0,0,0.012987013,0.012987013,0,0,0,0,0,0,0,0,0,0,0
285,subjects_673,0.014705882,0.014705882,0.014705882,0.014705882,0,0.176470588,0.25,0,0.132352941,0,0.073529412,0.014705882,0.014705882,0.014705882,0.088235294,0.014705882,0,0,0,0,0,0.014705882,0.044117647,0,0,0,0,0,0,0.029411765,0,0,0,0,0.014705882,0.014705882,0,0,0,0,0,0,0.044117647,0,0,0,0
286,subjects_675,0.022727273,0.022727273,0.022727273,0.022727273,0.090909091,0.068181818,0.136363636,0,0.068181818,0,0.045454545,0,0,0.136363636,0.159090909,0,0,0,0,0,0.045454545,0,0,0,0,0,0,0,0,0.045454545,0.068181818,0,0,0,0.022727273,0.022727273,0,0,0,0,0,0,0,0,0,0,0
287,subjects_677,0.166666667,0.166666667,0.166666667,0.166666667,0,0,0,0,0,0,0,0,0,0,0,0,0,0,0,0,0,0,0,0,0,0,0,0,0,0,0,0,0,0,0.166666667,0.166666667,0,0,0,0,0,0,0,0,0,0,0
288,subjects_679,0.021276596,0.021276596,0.021276596,0.021276596,0,0.085106383,0.234042553,0,0.191489362,0,0.085106383,0,0,0.021276596,0.127659574,0,0,0,0,0,0,0.021276596,0,0,0,0.021276596,0.021276596,0,0,0.042553191,0.021276596,0,0,0,0.021276596,0.021276596,0,0,0,0,0,0,0,0,0,0,0
289,subjects_681,0.013333333,0.013333333,0.013333333,0.013333333,0.04,0.146666667,0.226666667,0,0.133333333,0,0.08,0.013333333,0,0.053333333,0.066666667,0,0,0,0,0.026666667,0,0.013333333,0.013333333,0,0,0,0.053333333,0,0,0.013333333,0.013333333,0,0,0,0.013333333,0.026666667,0,0.013333333,0,0,0,0,0,0,0,0,0
290,subjects_683,0.014925373,0.014925373,0.014925373,0.014925373,0.104477612,0.119402985,0.194029851,0,0.089552239,0,0.029850746,0,0.074626866,0.044776119,0.074626866,0.029850746,0.029850746,0,0,0,0,0,0,0,0,0,0.029850746,0,0,0.029850746,0.029850746,0,0,0,0.014925373,0.029850746,0.014925373,0,0,0,0,0,0,0,0,0,0
291,subjects_685,0.015384615,0.015384615,0.015384615,0.015384615,0.076923077,0.107692308,0.2,0,0.123076923,0,0.092307692,0,0.015384615,0.030769231,0.138461538,0,0,0,0,0,0.030769231,0,0,0,0,0,0.061538462,0,0,0.030769231,0,0,0,0,0.015384615,0.015384615,0,0,0,0,0,0,0,0,0,0,0
292,subjects_687,0.010204082,0.010204082,0.010204082,0.010204082,0.102040816,0.112244898,0.255102041,0,0.071428571,0,0.112244898,0,0.020408163,0.040816327,0.010204082,0,0,0,0,0.051020408,0,0,0,0,0,0,0.12244898,0,0,0.020408163,0.020408163,0,0,0,0.010204082,0.010204082,0,0,0,0,0,0,0,0,0,0,0
293,subjects_689,0.020833333,0.020833333,0.020833333,0.020833333,0.041666667,0.145833333,0.208333333,0,0.0625,0,0.020833333,0,0.041666667,0.020833333,0.125,0,0,0,0,0.041666667,0.020833333,0.020833333,0,0,0,0,0.0625,0,0,0.041666667,0.020833333,0,0,0,0.020833333,0.020833333,0,0,0,0,0,0,0,0,0,0,0
294,subjects_691,0.011627907,0.011627907,0.011627907,0.011627907,0.046511628,0.162790698,0.26744186,0,0.139534884,0,0.139534884,0,0.023255814,0,0.034883721,0.011627907,0.011627907,0,0,0.046511628,0,0,0.011627907,0,0,0,0,0,0,0,0,0,0,0,0.011627907,0.011627907,0,0,0,0.023255814,0,0,0.011627907,0,0,0,0
295,subjects_693,0.013333333,0.013333333,0.013333333,0.013333333,0.013333333,0.133333333,0.293333333,0,0.146666667,0,0.186666667,0,0,0.026666667,0.026666667,0,0,0,0,0,0.013333333,0,0,0,0,0.026666667,0,0,0,0.013333333,0.013333333,0,0,0,0.013333333,0.013333333,0,0,0.013333333,0.013333333,0,0,0,0,0,0,0
296,subjects_695,0.010989011,0.010989011,0.010989011,0.010989011,0.021978022,0.142857143,0.263736264,0,0.076923077,0,0.131868132,0,0.021978022,0.021978022,0.032967033,0,0,0,0,0.010989011,0.043956044,0,0.065934066,0,0,0,0.043956044,0,0,0,0,0,0,0,0.010989011,0.032967033,0.021978022,0,0,0,0,0,0.010989011,0,0,0,0
297,subjects_697,0.166666667,0.166666667,0.166666667,0.166666667,0,0,0,0,0,0,0,0,0,0,0,0,0,0,0,0,0,0,0,0,0,0,0,0,0,0,0,0,0,0,0.166666667,0.166666667,0,0,0,0,0,0,0,0,0,0,0
298,subjects_699,0.009708738,0.009708738,0.009708738,0.009708738,0.029126214,0.174757282,0.233009709,0,0.106796117,0,0.116504854,0.009708738,0,0.029126214,0.048543689,0.048543689,0.019417476,0,0,0.009708738,0,0,0.038834951,0,0,0,0.019417476,0.009708738,0,0.009708738,0.009708738,0,0,0,0.009708738,0.009708738,0,0,0,0,0,0,0.029126214,0,0,0,0
299,subjects_701,0.013157895,0.013157895,0.013157895,0.013157895,0.052631579,0.184210526,0.263157895,0,0.078947368,0,0.039473684,0,0,0.078947368,0.065789474,0,0.026315789,0,0,0.013157895,0.026315789,0,0,0,0,0,0.026315789,0,0,0.013157895,0.013157895,0.013157895,0,0,0.013157895,0.026315789,0,0.013157895,0,0,0,0,0,0,0,0,0
300,subjects_703,0.012048193,0.012048193,0.012048193,0.012048193,0.036144578,0.168674699,0.096385542,0,0.084337349,0,0.084337349,0.072289157,0,0.072289157,0,0,0.012048193,0,0,0.024096386,0.024096386,0,0.120481928,0,0,0,0.024096386,0,0,0.024096386,0.012048193,0,0,0,0.012048193,0.012048193,0,0,0.012048193,0,0,0,0.060240964,0,0,0,0
301,subjects_705,0.015873016,0.015873016,0.015873016,0.015873016,0,0.126984127,0.301587302,0,0.206349206,0,0.063492063,0,0.047619048,0,0.063492063,0,0,0,0,0.015873016,0,0,0,0,0,0,0,0.015873016,0,0.031746032,0.031746032,0,0,0,0.015873016,0.015873016,0,0,0,0,0,0,0,0,0,0,0
302,subjects_707,0.010638298,0.010638298,0.010638298,0.010638298,0.042553191,0.14893617,0.159574468,0,0.085106383,0,0.042553191,0,0.031914894,0.031914894,0.053191489,0,0,0,0,0.021276596,0.053191489,0,0,0,0.010638298,0,0.063829787,0.031914894,0,0.031914894,0.031914894,0,0,0,0.010638298,0.053191489,0.042553191,0,0,0.010638298,0,0,0,0,0,0,0
303,subjects_709,0.02173913,0.02173913,0.02173913,0.02173913,0,0.173913043,0.326086957,0,0.173913043,0,0.065217391,0,0,0,0.065217391,0,0,0,0.02173913,0,0,0,0,0,0,0,0.02173913,0.02173913,0,0,0,0,0,0,0.02173913,0.02173913,0,0,0,0,0,0,0,0,0,0,0
304,subjects_711,0.083333333,0.083333333,0.083333333,0.083333333,0,0,0.25,0,0,0,0,0,0,0,0.083333333,0,0,0,0,0,0,0,0,0,0,0,0.083333333,0,0,0,0,0,0,0,0.083333333,0.083333333,0,0,0,0.083333333,0,0,0,0,0,0,0
305,subjects_713,0.010416667,0.010416667,0.010416667,0.010416667,0.041666667,0.145833333,0.197916667,0,0.052083333,0,0.125,0,0.083333333,0.041666667,0.03125,0.010416667,0.010416667,0,0,0,0.010416667,0,0.020833333,0,0,0,0.052083333,0,0,0.03125,0.041666667,0,0,0,0.010416667,0.020833333,0,0.010416667,0,0,0,0,0.020833333,0,0,0,0
306,subjects_715,0.011363636,0.011363636,0.011363636,0.011363636,0.034090909,0.181818182,0.227272727,0,0.181818182,0,0.056818182,0,0.056818182,0.034090909,0.034090909,0,0,0,0,0.068181818,0,0.011363636,0,0,0,0,0,0,0,0.022727273,0.022727273,0,0,0,0.011363636,0.011363636,0,0,0,0,0,0,0,0,0,0,0
307,subjects_717,0.019230769,0.019230769,0.019230769,0.019230769,0.076923077,0.096153846,0.173076923,0,0.153846154,0,0.038461538,0.019230769,0.038461538,0.038461538,0.057692308,0,0,0,0,0,0.019230769,0.019230769,0.019230769,0,0,0,0,0,0,0.057692308,0.057692308,0,0,0,0.019230769,0.019230769,0,0,0,0,0,0,0.019230769,0,0,0,0
308,subjects_719,0.01754386,0.01754386,0.01754386,0.01754386,0.070175439,0.192982456,0.192982456,0,0.035087719,0,0.122807018,0,0.01754386,0.035087719,0.087719298,0,0,0,0,0.01754386,0.01754386,0.035087719,0,0,0,0.01754386,0.01754386,0,0,0.01754386,0.01754386,0,0,0,0.01754386,0.01754386,0,0,0,0,0,0,0,0,0,0,0
309,subjects_721,0.015151515,0.015151515,0.015151515,0.015151515,0.015151515,0.090909091,0.242424242,0,0.151515152,0,0.075757576,0,0.015151515,0.060606061,0.075757576,0.015151515,0,0,0,0.03030303,0.075757576,0.015151515,0,0,0,0,0.045454545,0,0,0,0,0,0,0,0.015151515,0.015151515,0,0,0,0,0,0,0,0,0,0,0
310,subjects_723,0.018181818,0.018181818,0.018181818,0.018181818,0.090909091,0.072727273,0.018181818,0,0.054545455,0,0.054545455,0.036363636,0.036363636,0.054545455,0.090909091,0,0,0,0,0.018181818,0.163636364,0.036363636,0,0,0.018181818,0,0.072727273,0,0,0.036363636,0.036363636,0,0,0,0.018181818,0.018181818,0,0,0,0,0,0,0,0,0,0,0
311,subjects_725,0.011764706,0.011764706,0.011764706,0.011764706,0.023529412,0.058823529,0.223529412,0,0.164705882,0,0.105882353,0.047058824,0.082352941,0.023529412,0.058823529,0,0,0,0.011764706,0,0,0.011764706,0,0,0,0,0,0,0,0.035294118,0.023529412,0,0,0,0.011764706,0.023529412,0.011764706,0,0.035294118,0,0,0,0,0,0,0,0
