subjectCode,cleanup not requested_mother,mother positive affect,no child independent clean up_mother,v direct concrete inst,p touching toys for cleanup,v small mission steps,p signal const,v positive feedback,p positive feedback,v signal const,v perspective/mirroring,p mother cleanup,v concern,p concern exp,v choice,p gentle touch for clean up,v rational,p affection expression,v motivation arousal,v unclear,v inadequate perspective/invalidation,v action oriented feedback,v affection,v hostility,p modeling,v modeling,p forceful touch for cleanup,child alert,indecisive expectations setting,legitimazinig expectation violation,v glorificaion feedback,v negative cr,v threat punishment,p motivational arrousal,v material reward,v negative feedback,child neutral affect,cleanup not requested,mother positive affect,no child independent clean up,no compliance - Passive,yes compliance,child positive affect,no compliance - Defiance,child negative affect,no compliance - Refusal,child alert,no inadequate boundaries setting,yes child independent clean up,unclear compiance,Independent clean up,Control,Autonomy Support,Unknown category,Hostility,Affection,Alertness,Construction,Inadequate boundaries setting,Yes Compliance,Feedback,Concern,Compliance,Affect,Affect_UNKNOWN,Autonomy Support_POS,Compliance_UNKNOWN,Concern_POS,Concern_UNKNOWN,Construction_POS,Construction_UNKNOWN,Control_UNKNOWN,Feedback_POS,Feedback_UNKNOWN,Independent clean up_UNKNOWN,Yes Compliance_UNKNOWN,Affection_UNKNOWN,Construction_NEG,?_UNKNOWN,Control_POS,Affection_NEG,Affection_POS,Autonomy Support_NEG,Autonomy Support_UNKNOWN,Feedback_NEG,Hostility_POS,Concern_NEG,Control_NEG,Alertness_UNKNOWN,Inadequate boundaries setting_POS,Inadequate boundaries setting_UNKNOWN,Hostility_NEG,LCA_mothers_byChildNoCompliance
subjects_011,0.009090909,0.009090909,0.009090909,0.018181818,0.218181818,0.218181818,0.227272727,0.163636364,0.018181818,0.018181818,0.027272727,0.027272727,0.018181818,0.009090909,0,0,0,0,0,0,0,0,0,0,0,0,0,0,0,0,0,0,0,0,0,0,0.1,0.2,0.1,0.1,0.3,0.2,0,0,0,0,0,0,0,0,0.009090909,0.027272727,0.027272727,0,0,0,0,0.7,0,0,0.181818182,0.027272727,0.009090909,0.018181818,0.054545455,0.027272727,0.063636364,0.018181818,0.009090909,0.254545455,0.445454545,0.027272727,0.163636364,0.018181818,0.027272727,0.018181818,0,0,0,0,0,0,0,0,0,0,0,0,0,0,0,0,2
subjects_012,0.009259259,0.009259259,0.009259259,0.055555556,0.12037037,0.185185185,0.166666667,0.166666667,0.009259259,0.046296296,0.046296296,0.074074074,0.009259259,0.009259259,0.009259259,0.037037037,0.009259259,0.009259259,0.009259259,0,0,0,0,0,0,0,0,0,0,0,0,0,0,0,0,0,0.0625,0.1875,0.0625,0.0625,0.25,0.375,0,0,0,0,0,0,0,0,0.009259259,0.074074074,0.074074074,0,0,0.009259259,0,0.611111111,0,0,0.175925926,0.018518519,0.009259259,0.018518519,0.074074074,0.074074074,0.083333333,0.009259259,0.009259259,0.287037037,0.314814815,0.074074074,0.166666667,0.009259259,0.027777778,0.055555556,0.009259259,0.009259259,0,0,0,0,0,0,0,0,0,0,0,0,0,0,2
subjects_015,0.011235955,0.011235955,0.011235955,0.033707865,0.112359551,0.146067416,0.101123596,0.235955056,0,0.123595506,0.011235955,0.078651685,0,0,0,0,0,0,0.04494382,0.011235955,0.02247191,0.033707865,0,0,0,0,0,0,0,0,0,0,0,0,0,0,0.1,0.2,0.1,0.1,0.2,0.3,0,0,0,0,0,0,0,0,0.011235955,0.101123596,0.08988764,0.011235955,0,0,0,0.516853933,0,0,0.235955056,0,0.011235955,0.02247191,0.06741573,0.08988764,0.06741573,0,0,0.303370787,0.213483146,0.078651685,0.235955056,0,0.033707865,0.033707865,0,0,0.011235955,0.02247191,0,0,0,0,0,0,0,0,0,0,0,0,2
subjects_016,0.009259259,0.009259259,0.009259259,0.046296296,0.092592593,0.222222222,0.157407407,0.12037037,0,0.018518519,0.055555556,0.027777778,0,0,0,0.037037037,0,0.009259259,0.055555556,0,0,0,0.055555556,0.009259259,0.027777778,0.018518519,0.009259259,0,0,0,0,0,0,0,0,0,0.083333333,0.125,0.041666667,0.041666667,0.333333333,0.25,0,0.041666667,0.041666667,0.041666667,0,0,0,0,0.009259259,0.037037037,0.157407407,0,0.009259259,0.064814815,0,0.574074074,0,0,0.12037037,0,0.009259259,0.018518519,0.074074074,0.12037037,0.138888889,0,0,0.12037037,0.157407407,0.037037037,0.083333333,0,0.027777778,0.055555556,0.009259259,0.296296296,0,0,0.027777778,0.027777778,0.009259259,0.027777778,0.037037037,0.009259259,0,0,0,0,0,0,2
subjects_018,0.020833333,0.020833333,0.020833333,0.041666667,0.083333333,0.125,0.041666667,0.125,0,0.104166667,0.020833333,0.125,0,0,0,0.041666667,0,0,0.041666667,0,0,0,0.125,0,0.041666667,0,0,0,0,0,0,0,0,0,0,0,0.090909091,0.272727273,0.090909091,0.090909091,0.272727273,0.181818182,0,0,0,0,0,0,0,0,0.020833333,0.125,0.104166667,0,0,0.125,0,0.4375,0,0,0.125,0,0.020833333,0.041666667,0.125,0.0625,0.166666667,0,0,0.270833333,0.166666667,0.125,0.125,0,0.0625,0.041666667,0,0,0,0,0,0.125,0,0.041666667,0,0,0,0,0,0,0,0,2
subjects_020,0.033333333,0.033333333,0.033333333,0.166666667,0.166666667,0.133333333,0.2,0,0,0,0.1,0.033333333,0,0,0.033333333,0,0,0,0,0,0,0,0.033333333,0,0,0,0,0,0,0,0,0,0,0,0,0,0.181818182,0.272727273,0.090909091,0.090909091,0.181818182,0.090909091,0.090909091,0,0,0,0,0,0,0,0.033333333,0.033333333,0.133333333,0,0,0.033333333,0,0.666666667,0,0,0,0,0.033333333,0.066666667,0.333333333,0.133333333,0.233333333,0,0,0.3,0.366666667,0.033333333,0,0,0.1,0.033333333,0,0,0,0,0,0.033333333,0,0,0,0,0,0,0,0,0,0,2
subjects_021,0.010752688,0.010752688,0.010752688,0.11827957,0.150537634,0.11827957,0.107526882,0.129032258,0,0.032258065,0.010752688,0.064516129,0.010752688,0.021505376,0.010752688,0.010752688,0.010752688,0,0.043010753,0,0.043010753,0.010752688,0.010752688,0.032258065,0.010752688,0.010752688,0,0,0,0,0,0,0,0,0,0,0.166666667,0.125,0.041666667,0.041666667,0.25,0.208333333,0,0,0.125,0.041666667,0,0,0,0,0.010752688,0.107526882,0.107526882,0,0.032258065,0.010752688,0,0.537634409,0,0,0.129032258,0.032258065,0.010752688,0.021505376,0.129032258,0.096774194,0.129032258,0.010752688,0.010752688,0.215053763,0.268817204,0.064516129,0.129032258,0,0.032258065,0.053763441,0,0.053763441,0,0.032258065,0,0.010752688,0,0.010752688,0,0.032258065,0.010752688,0.010752688,0,0,0,0,1
subjects_022,0.022727273,0.022727273,0.022727273,0.113636364,0.113636364,0.068181818,0.090909091,0.045454545,0,0.068181818,0.045454545,0.090909091,0,0,0,0.022727273,0,0,0,0,0,0,0.159090909,0,0.045454545,0.045454545,0,0,0,0,0,0,0,0,0,0,0.117647059,0.352941176,0.058823529,0.058823529,0.176470588,0.058823529,0,0.058823529,0.058823529,0.058823529,0,0,0,0,0.022727273,0.090909091,0.136363636,0,0,0.159090909,0,0.477272727,0,0,0.045454545,0,0.022727273,0.045454545,0.181818182,0.090909091,0.295454545,0,0,0.25,0.204545455,0.090909091,0.045454545,0,0.068181818,0.022727273,0,0.022727273,0,0,0,0.159090909,0,0.045454545,0,0,0,0,0,0,0,0,2
subjects_023,0.015625,0.015625,0.015625,0.140625,0.171875,0.0625,0.109375,0,0,0.015625,0.15625,0.03125,0,0,0.078125,0.015625,0.015625,0.015625,0,0,0.03125,0,0.015625,0,0.03125,0.046875,0,0,0,0,0,0,0,0,0,0,0.152173913,0.239130435,0.02173913,0.02173913,0.108695652,0,0.02173913,0.130434783,0.108695652,0.195652174,0,0,0,0,0.015625,0.0625,0.328125,0,0,0.03125,0,0.515625,0,0,0,0,0.015625,0.03125,0.3125,0.296875,0.515625,0,0,0.21875,0.28125,0.03125,0,0,0.046875,0,0.015625,0.015625,0,0.03125,0,0.015625,0,0.03125,0,0,0,0,0,0,0,0,1
subjects_026,0.01369863,0.01369863,0.01369863,0.123287671,0.04109589,0.178082192,0.178082192,0.054794521,0,0.01369863,0.02739726,0.164383562,0,0,0,0,0,0.02739726,0.01369863,0,0,0,0.095890411,0,0.01369863,0.01369863,0,0,0,0,0,0,0,0,0,0,0.208333333,0.125,0.041666667,0.041666667,0.166666667,0.083333333,0.041666667,0,0.125,0.166666667,0,0,0,0,0.01369863,0.164383562,0.068493151,0,0,0.123287671,0,0.534246575,0,0,0.054794521,0,0.01369863,0.02739726,0.191780822,0.054794521,0.178082192,0,0,0.273972603,0.219178082,0.164383562,0.054794521,0,0.04109589,0.02739726,0.02739726,0.04109589,0,0,0,0.095890411,0,0.01369863,0,0,0,0,0,0,0,0,2
subjects_028,0.008064516,0.008064516,0.008064516,0.096774194,0.080645161,0.096774194,0.112903226,0.080645161,0,0.016129032,0.016129032,0.016129032,0.056451613,0.008064516,0.008064516,0.016129032,0,0.008064516,0,0.008064516,0,0,0.064516129,0.016129032,0.016129032,0.016129032,0,0.008064516,0.080645161,0.032258065,0,0,0,0,0,0,0.035714286,0.25,0.035714286,0.035714286,0.071428571,0.214285714,0,0.285714286,0,0,0.035714286,0.035714286,0,0,0.008064516,0.016129032,0.056451613,0.008064516,0.016129032,0.072580645,0.008064516,0.419354839,0.225806452,0,0.080645161,0.064516129,0.008064516,0.016129032,0.048387097,0.040322581,0.153225806,0.056451613,0.008064516,0.209677419,0.209677419,0.016129032,0.080645161,0,0.024193548,0.048387097,0.008064516,0,0.008064516,0,0,0.064516129,0,0.016129032,0,0.016129032,0,0,0.024193548,0.112903226,0.129032258,0,2
subjects_029,0.011627907,0.011627907,0.011627907,0.069767442,0.093023256,0.313953488,0.081395349,0.209302326,0,0.011627907,0.034883721,0.023255814,0,0,0,0,0.011627907,0,0,0,0,0,0.023255814,0,0.023255814,0.023255814,0,0.011627907,0,0,0.011627907,0,0,0,0,0,0.047619048,0.19047619,0.047619048,0.047619048,0.238095238,0.238095238,0,0.047619048,0,0.047619048,0.047619048,0.047619048,0,0,0.011627907,0.034883721,0.093023256,0,0,0.023255814,0.011627907,0.569767442,0.011627907,0,0.209302326,0,0.011627907,0.023255814,0.069767442,0.069767442,0.151162791,0,0,0.395348837,0.174418605,0.023255814,0.209302326,0,0.034883721,0.058139535,0,0,0,0.011627907,0,0.023255814,0,0.023255814,0,0,0,0,0.034883721,0,0.034883721,0,2
subjects_030,0.010989011,0.010989011,0.010989011,0.120879121,0.164835165,0.208791209,0.131868132,0.065934066,0,0.010989011,0.043956044,0.032967033,0.021978022,0.010989011,0,0.032967033,0.010989011,0,0,0,0,0,0.010989011,0,0.021978022,0.021978022,0,0.010989011,0.010989011,0,0,0,0,0,0,0,0.033333333,0.266666667,0.033333333,0.033333333,0.2,0.2,0,0.133333333,0,0.033333333,0.033333333,0.033333333,0,0,0.010989011,0.032967033,0.098901099,0,0,0.010989011,0.010989011,0.67032967,0.032967033,0,0.065934066,0.032967033,0.010989011,0.021978022,0.065934066,0.076923077,0.230769231,0.021978022,0.010989011,0.340659341,0.32967033,0.032967033,0.065934066,0,0.032967033,0.065934066,0,0,0,0,0,0.010989011,0,0.021978022,0,0,0,0,0.032967033,0.010989011,0.043956044,0,2
subjects_031,0.017241379,0.017241379,0.017241379,0.017241379,0.034482759,0.224137931,0.24137931,0.103448276,0,0,0,0.103448276,0.017241379,0,0,0.034482759,0,0.017241379,0,0,0.017241379,0,0.034482759,0,0.051724138,0,0,0.017241379,0,0,0,0,0,0,0,0,0.05,0.25,0.05,0.05,0.2,0.2,0,0.05,0,0.05,0.05,0.05,0,0,0.017241379,0.120689655,0.051724138,0,0,0.051724138,0.017241379,0.551724138,0.017241379,0,0.103448276,0.017241379,0.017241379,0.034482759,0.103448276,0,0.224137931,0.017241379,0,0.24137931,0.275862069,0.103448276,0.103448276,0,0.051724138,0.068965517,0.017241379,0.034482759,0,0.017241379,0,0.034482759,0,0.051724138,0,0,0,0,0.051724138,0,0.051724138,0,2
subjects_032,0.008196721,0.008196721,0.008196721,0.090163934,0.12295082,0.180327869,0.098360656,0.073770492,0,0.024590164,0.032786885,0.081967213,0,0,0,0.049180328,0.016393443,0.008196721,0.008196721,0,0.040983607,0,0.073770492,0.024590164,0,0,0,0.008196721,0,0.008196721,0,0.008196721,0,0,0,0,0.095238095,0.119047619,0.023809524,0.023809524,0.095238095,0.166666667,0,0.19047619,0.071428571,0.166666667,0.023809524,0.023809524,0,0,0.008196721,0.131147541,0.057377049,0,0.024590164,0.081967213,0.008196721,0.56557377,0.024590164,0,0.073770492,0,0.008196721,0.016393443,0.114754098,0.057377049,0.213114754,0,0,0.262295082,0.245901639,0.081967213,0.073770492,0,0.024590164,0.057377049,0.008196721,0.057377049,0,0.049180328,0,0.073770492,0,0,0,0.016393443,0,0,0.024590164,0.008196721,0.032786885,0.008196721,1
subjects_034,0.020408163,0.020408163,0.020408163,0.12244898,0.081632653,0.285714286,0.081632653,0.12244898,0.020408163,0.020408163,0.020408163,0.020408163,0.040816327,0,0,0.020408163,0.020408163,0,0,0,0,0,0.020408163,0,0,0,0,0.020408163,0,0,0,0,0,0,0,0,0.083333333,0.25,0.083333333,0.083333333,0,0.25,0,0.083333333,0,0,0.083333333,0.083333333,0,0,0.020408163,0.020408163,0.040816327,0,0,0.020408163,0.020408163,0.612244898,0.020408163,0,0.142857143,0.040816327,0.020408163,0.040816327,0.12244898,0.040816327,0.12244898,0.040816327,0,0.408163265,0.163265306,0.020408163,0.12244898,0.020408163,0.06122449,0.06122449,0,0.040816327,0,0,0,0.020408163,0,0,0,0,0,0,0.06122449,0,0.06122449,0,2
subjects_036,0.02,0.02,0.02,0.12,0.1,0.12,0.04,0.02,0,0.04,0,0.12,0.04,0.04,0,0.04,0,0.02,0,0,0,0,0.02,0,0,0,0.02,0.02,0.04,0.02,0.02,0,0,0,0,0,0.086956522,0.173913043,0.043478261,0.043478261,0.130434783,0.130434783,0,0.217391304,0.043478261,0.043478261,0.043478261,0.043478261,0,0,0.02,0.16,0,0,0,0.04,0.02,0.46,0.14,0,0.02,0.08,0.02,0.04,0.16,0,0.3,0.04,0.04,0.12,0.18,0.14,0.02,0,0.06,0.06,0.02,0.16,0,0.02,0,0.02,0,0,0,0,0,0,0.06,0.06,0.12,0,2
subjects_037,0.00990099,0.00990099,0.00990099,0.059405941,0.069306931,0.227722772,0.099009901,0.138613861,0.03960396,0,0.089108911,0.02970297,0,0,0,0.00990099,0.00990099,0.059405941,0,0,0,0,0.03960396,0,0.03960396,0.02970297,0,0.00990099,0,0,0,0,0,0,0,0,0.086956522,0.260869565,0.043478261,0.043478261,0.217391304,0.130434783,0,0,0.086956522,0.043478261,0.043478261,0.043478261,0,0,0.00990099,0.02970297,0.168316832,0,0,0.099009901,0.00990099,0.465346535,0.00990099,0,0.178217822,0,0.00990099,0.01980198,0.089108911,0.128712871,0.138613861,0,0,0.287128713,0.178217822,0.02970297,0.138613861,0.03960396,0.02970297,0.02970297,0.059405941,0,0,0,0,0.03960396,0,0.03960396,0,0,0,0,0.02970297,0,0.02970297,0,3
subjects_038,0.016129032,0.016129032,0.016129032,0.080645161,0.161290323,0.177419355,0.129032258,0.080645161,0,0.032258065,0.064516129,0.112903226,0,0,0,0,0.016129032,0.016129032,0.016129032,0,0,0,0,0,0,0,0,0.016129032,0,0,0.016129032,0,0,0,0,0,0.052631579,0.210526316,0.052631579,0.105263158,0.157894737,0.210526316,0,0,0,0.052631579,0.052631579,0.052631579,0.052631579,0,0.016129032,0.129032258,0.096774194,0,0,0.016129032,0.016129032,0.580645161,0.016129032,0,0.080645161,0,0.016129032,0.032258065,0.096774194,0.096774194,0.161290323,0,0,0.290322581,0.290322581,0.112903226,0.080645161,0,0.080645161,0.064516129,0.016129032,0,0,0.016129032,0,0,0,0,0,0,0,0,0.048387097,0,0.048387097,0,2
subjects_039,0.013333333,0.013333333,0.013333333,0.08,0.133333333,0.24,0.146666667,0.04,0.026666667,0,0.066666667,0,0.026666667,0,0,0,0.053333333,0,0.053333333,0,0,0,0.013333333,0.013333333,0,0,0,0.013333333,0,0.013333333,0,0,0,0,0,0,0.071428571,0.142857143,0.071428571,0.071428571,0.142857143,0.285714286,0,0.071428571,0,0,0.071428571,0.071428571,0,0,0.013333333,0,0.173333333,0,0.013333333,0.013333333,0.013333333,0.6,0.04,0,0.066666667,0.026666667,0.013333333,0.026666667,0.08,0.173333333,0.093333333,0.026666667,0,0.293333333,0.28,0,0.04,0.026666667,0.04,0.053333333,0,0.026666667,0,0,0,0.013333333,0,0,0,0.013333333,0,0,0.04,0.013333333,0.053333333,0,2
subjects_041,0.019607843,0.019607843,0.019607843,0.019607843,0.156862745,0.215686275,0.176470588,0.137254902,0.019607843,0.019607843,0,0,0,0,0,0.019607843,0,0,0.058823529,0,0,0.019607843,0.019607843,0,0,0,0,0.019607843,0,0,0,0.019607843,0,0,0,0,0.111111111,0.222222222,0.111111111,0.111111111,0.111111111,0.111111111,0,0,0,0,0.111111111,0.111111111,0,0,0.019607843,0.019607843,0.078431373,0,0,0.019607843,0.019607843,0.607843137,0.019607843,0,0.156862745,0,0.019607843,0.039215686,0.117647059,0.078431373,0.098039216,0,0,0.254901961,0.352941176,0,0.137254902,0.019607843,0.058823529,0.019607843,0,0,0,0.019607843,0,0.019607843,0,0,0,0,0,0,0.058823529,0,0.058823529,0,2
subjects_043,0.014705882,0.014705882,0.014705882,0.044117647,0.073529412,0.205882353,0.088235294,0.161764706,0,0,0.147058824,0,0.029411765,0,0,0.058823529,0.029411765,0,0.058823529,0,0,0.014705882,0,0,0,0,0,0.014705882,0,0,0,0,0,0,0,0,0.066666667,0.2,0.066666667,0.133333333,0.066666667,0.2,0,0,0,0.066666667,0.066666667,0.066666667,0.066666667,0,0.014705882,0,0.25,0,0,0,0.014705882,0.470588235,0.014705882,0,0.161764706,0.029411765,0.014705882,0.029411765,0.088235294,0.25,0.102941176,0.029411765,0,0.25,0.220588235,0,0.161764706,0,0.073529412,0.044117647,0,0,0,0,0,0,0,0,0,0,0,0,0.044117647,0,0.044117647,0,2
subjects_044,0.011111111,0.011111111,0.011111111,0.044444444,0.144444444,0.222222222,0.111111111,0.055555556,0,0.011111111,0.011111111,0.055555556,0.022222222,0,0,0.077777778,0.011111111,0.011111111,0,0,0.022222222,0,0.033333333,0,0.055555556,0.044444444,0,0.011111111,0,0,0,0,0,0,0,0,0.081081081,0.216216216,0.027027027,0.027027027,0.162162162,0.216216216,0,0.162162162,0.054054054,0,0.027027027,0.027027027,0,0,0.011111111,0.077777778,0.122222222,0,0,0.044444444,0.011111111,0.611111111,0.011111111,0,0.055555556,0.022222222,0.011111111,0.022222222,0.111111111,0.066666667,0.244444444,0.022222222,0,0.266666667,0.255555556,0.055555556,0.055555556,0,0.033333333,0.088888889,0.011111111,0.088888889,0,0.022222222,0,0.033333333,0,0.055555556,0,0,0,0,0.033333333,0,0.033333333,0,2
subjects_048,0.009009009,0.009009009,0.009009009,0.081081081,0.054054054,0.153153153,0.171171171,0.054054054,0,0.072072072,0.018018018,0.036036036,0,0,0,0.027027027,0.036036036,0,0.009009009,0,0.009009009,0,0.018018018,0.009009009,0.027027027,0.027027027,0.009009009,0.009009009,0.018018018,0.036036036,0.009009009,0.009009009,0.009009009,0,0,0,0.073170732,0.195121951,0.024390244,0.024390244,0.170731707,0.073170732,0.048780488,0.073170732,0,0.268292683,0.024390244,0.024390244,0,0,0.009009009,0.081081081,0.117117117,0,0.009009009,0.018018018,0.009009009,0.558558559,0.117117117,0,0.054054054,0,0.009009009,0.018018018,0.09009009,0.09009009,0.279279279,0,0,0.171171171,0.243243243,0.045045045,0.054054054,0,0.027027027,0.027027027,0,0.144144144,0,0.036036036,0,0.018018018,0,0.027027027,0,0,0,0,0.027027027,0.054054054,0.081081081,0.009009009,2
subjects_050,0.00862069,0.00862069,0.00862069,0.068965517,0.112068966,0.284482759,0.103448276,0.198275862,0,0,0.025862069,0.025862069,0.00862069,0,0,0.017241379,0,0,0.034482759,0,0,0,0.051724138,0,0,0,0,0.00862069,0,0.00862069,0,0,0,0,0,0,0.037037037,0.148148148,0.037037037,0.037037037,0.185185185,0.333333333,0,0.148148148,0,0,0.037037037,0.037037037,0,0,0.00862069,0.025862069,0.060344828,0,0,0.051724138,0.00862069,0.586206897,0.025862069,0,0.198275862,0.00862069,0.00862069,0.017241379,0.051724138,0.060344828,0.129310345,0.00862069,0,0.336206897,0.232758621,0.025862069,0.198275862,0,0.025862069,0.077586207,0,0.017241379,0,0,0,0.051724138,0,0,0,0,0,0,0.025862069,0.00862069,0.034482759,0,2
subjects_057,0.014925373,0.014925373,0.014925373,0.119402985,0.119402985,0.134328358,0.149253731,0.044776119,0.014925373,0.029850746,0.014925373,0.119402985,0,0,0,0.014925373,0.014925373,0,0,0,0,0,0.059701493,0,0,0,0,0.014925373,0,0.029850746,0,0.014925373,0,0,0,0,0.043478261,0.217391304,0.043478261,0.043478261,0.173913043,0.130434783,0,0.217391304,0,0.043478261,0.043478261,0.043478261,0,0,0.014925373,0.134328358,0.029850746,0,0,0.059701493,0.014925373,0.567164179,0.074626866,0,0.059701493,0,0.014925373,0.029850746,0.119402985,0.029850746,0.253731343,0,0,0.268656716,0.28358209,0.119402985,0.044776119,0.014925373,0.044776119,0.044776119,0,0.014925373,0,0.014925373,0,0.059701493,0,0,0,0,0,0,0.044776119,0.029850746,0.074626866,0,2
subjects_059,0.018181818,0.018181818,0.018181818,0.072727273,0.054545455,0.090909091,0.036363636,0,0,0,0.072727273,0.072727273,0,0,0,0,0.036363636,0.036363636,0,0,0,0,0.090909091,0.018181818,0.018181818,0.018181818,0,0.018181818,0.054545455,0.054545455,0,0.054545455,0,0,0,0,0.055555556,0.222222222,0.055555556,0.055555556,0.222222222,0,0,0.166666667,0,0.111111111,0.055555556,0.055555556,0,0,0.018181818,0.127272727,0.145454545,0,0.018181818,0.127272727,0.018181818,0.254545455,0.236363636,0,0,0,0.018181818,0.036363636,0.145454545,0.127272727,0.272727273,0,0,0.163636364,0.090909091,0.072727273,0,0,0.054545455,0,0.036363636,0,0,0.054545455,0,0.090909091,0,0.018181818,0,0.018181818,0,0,0.054545455,0.109090909,0.163636364,0,3
subjects_063,0.014285714,0.014285714,0.014285714,0.071428571,0.042857143,0.071428571,0.1,0,0,0.028571429,0.028571429,0.085714286,0,0,0,0.028571429,0.014285714,0.014285714,0.014285714,0,0,0,0.142857143,0,0,0.028571429,0,0.014285714,0.071428571,0.028571429,0.014285714,0.014285714,0,0.014285714,0,0,0.162162162,0.27027027,0.027027027,0.027027027,0.054054054,0.027027027,0,0.135135135,0.135135135,0.108108108,0.027027027,0.027027027,0,0,0.014285714,0.114285714,0.1,0,0,0.157142857,0.014285714,0.342857143,0.214285714,0,0,0,0.014285714,0.028571429,0.228571429,0.085714286,0.328571429,0,0,0.157142857,0.171428571,0.085714286,0,0,0.042857143,0.014285714,0.014285714,0.014285714,0,0.028571429,0,0.142857143,0,0.014285714,0,0,0,0,0.042857143,0.1,0.142857143,0,2
subjects_066,0.015151515,0.015151515,0.015151515,0.045454545,0.181818182,0.181818182,0.136363636,0.090909091,0,0,0.03030303,0.075757576,0.03030303,0,0,0.060606061,0.03030303,0.015151515,0,0,0,0,0,0,0,0,0,0.015151515,0,0.015151515,0,0,0,0,0,0,0.129032258,0.225806452,0.032258065,0.032258065,0.096774194,0.161290323,0,0,0.096774194,0.161290323,0.032258065,0.032258065,0,0,0.015151515,0.075757576,0.060606061,0,0,0.015151515,0.015151515,0.606060606,0.045454545,0,0.090909091,0.03030303,0.015151515,0.03030303,0.181818182,0.060606061,0.257575758,0.03030303,0,0.227272727,0.378787879,0.075757576,0.090909091,0,0.045454545,0.075757576,0.015151515,0,0,0,0,0,0,0,0,0,0,0,0.045454545,0.015151515,0.060606061,0,2
subjects_067,0.015873016,0.015873016,0.015873016,0.047619048,0.19047619,0.158730159,0.142857143,0.079365079,0.015873016,0.015873016,0.015873016,0.079365079,0,0,0,0.015873016,0,0.015873016,0,0,0,0,0.015873016,0,0.031746032,0.031746032,0.015873016,0.015873016,0,0.015873016,0,0,0,0,0,0,0.0625,0.25,0.0625,0.0625,0.1875,0.1875,0,0.0625,0,0,0.0625,0.0625,0,0,0.015873016,0.095238095,0.079365079,0,0,0.031746032,0.015873016,0.571428571,0.047619048,0,0.095238095,0,0.015873016,0.031746032,0.095238095,0.047619048,0.158730159,0,0,0.222222222,0.349206349,0.095238095,0.079365079,0.015873016,0.047619048,0.047619048,0.015873016,0,0,0,0,0.015873016,0,0.031746032,0,0,0,0,0.047619048,0.015873016,0.063492063,0,2
subjects_069,0.007751938,0.007751938,0.007751938,0.062015504,0.131782946,0.201550388,0.170542636,0.139534884,0.015503876,0.03875969,0.085271318,0,0,0,0.007751938,0,0,0.007751938,0.015503876,0,0,0,0.062015504,0,0.007751938,0.007751938,0,0.007751938,0,0,0,0,0,0,0,0,0.034482759,0.206896552,0.034482759,0.068965517,0.172413793,0.275862069,0,0.034482759,0,0.068965517,0.034482759,0.034482759,0.034482759,0,0.007751938,0,0.124031008,0,0,0.069767442,0.007751938,0.604651163,0.007751938,0,0.15503876,0,0.007751938,0.015503876,0.046511628,0.11627907,0.124031008,0,0,0.302325581,0.302325581,0,0.139534884,0.015503876,0.03875969,0.062015504,0.007751938,0,0,0,0,0.062015504,0,0.007751938,0,0,0,0,0.023255814,0,0.023255814,0,2
subjects_070,0.010526316,0.010526316,0.010526316,0.031578947,0.126315789,0.231578947,0.189473684,0.136842105,0.010526316,0,0.063157895,0.063157895,0.021052632,0,0,0,0.010526316,0.010526316,0.021052632,0,0,0,0.021052632,0,0,0,0,0.010526316,0,0,0,0,0,0,0,0,0.038461538,0.192307692,0.038461538,0.038461538,0.230769231,0.307692308,0,0.038461538,0,0.038461538,0.038461538,0.038461538,0,0,0.010526316,0.063157895,0.094736842,0,0,0.031578947,0.010526316,0.578947368,0.010526316,0,0.147368421,0.021052632,0.010526316,0.021052632,0.063157895,0.094736842,0.157894737,0.021052632,0,0.263157895,0.315789474,0.063157895,0.136842105,0.010526316,0.031578947,0.084210526,0.010526316,0,0,0,0,0.021052632,0,0,0,0,0,0,0.031578947,0,0.031578947,0,2
subjects_082,0.009803922,0.009803922,0.009803922,0.088235294,0.049019608,0.205882353,0.176470588,0.12745098,0.009803922,0.088235294,0.039215686,0.019607843,0,0,0,0.009803922,0.009803922,0.009803922,0,0,0.009803922,0.009803922,0.009803922,0,0.029411765,0.019607843,0,0.009803922,0,0,0.019607843,0,0,0,0.009803922,0,0.0625,0.1875,0.0625,0.0625,0.1875,0.1875,0,0.125,0,0,0.0625,0.0625,0,0,0.009803922,0.058823529,0.107843137,0,0,0.019607843,0.009803922,0.617647059,0.009803922,0,0.137254902,0,0.009803922,0.019607843,0.058823529,0.078431373,0.098039216,0,0,0.382352941,0.235294118,0.019607843,0.12745098,0.009803922,0.029411765,0.029411765,0.009803922,0,0,0.039215686,0,0.009803922,0,0.029411765,0,0,0,0,0.029411765,0,0.029411765,0,2
subjects_083,0.009615385,0.009615385,0.009615385,0.105769231,0.105769231,0.182692308,0.192307692,0.057692308,0,0.125,0.019230769,0.009615385,0,0,0,0.019230769,0,0,0,0,0,0,0.057692308,0,0,0,0,0.009615385,0.009615385,0.009615385,0,0,0,0,0.028846154,0,0.043478261,0.130434783,0.043478261,0.043478261,0.304347826,0.130434783,0,0.043478261,0,0.173913043,0.043478261,0.043478261,0,0,0.009615385,0.038461538,0.019230769,0,0,0.057692308,0.009615385,0.730769231,0.048076923,0,0.057692308,0,0.009615385,0.019230769,0.057692308,0.019230769,0.163461538,0,0,0.355769231,0.317307692,0.009615385,0.057692308,0,0.028846154,0.028846154,0,0.057692308,0,0.028846154,0,0.057692308,0,0,0,0,0,0,0.028846154,0.019230769,0.048076923,0,2
subjects_085,0.010989011,0.010989011,0.010989011,0.153846154,0.142857143,0.153846154,0.098901099,0.010989011,0,0,0.087912088,0.043956044,0,0,0,0.021978022,0.076923077,0.010989011,0,0,0,0,0.021978022,0,0.021978022,0.021978022,0,0.010989011,0.021978022,0.010989011,0,0,0,0,0,0,0.064516129,0.225806452,0.032258065,0.032258065,0.225806452,0.129032258,0,0.129032258,0.032258065,0.064516129,0.032258065,0.032258065,0,0,0.010989011,0.043956044,0.208791209,0,0,0.032967033,0.010989011,0.571428571,0.076923077,0,0.010989011,0,0.010989011,0.021978022,0.087912088,0.186813187,0.241758242,0,0,0.307692308,0.263736264,0.043956044,0.010989011,0,0.032967033,0.043956044,0.010989011,0,0,0,0,0.021978022,0,0.021978022,0,0,0,0,0.032967033,0.032967033,0.065934066,0,2
subjects_100,0.011111111,0.011111111,0.011111111,0.055555556,0.133333333,0.211111111,0.2,0.166666667,0,0.011111111,0,0.044444444,0,0,0,0.033333333,0,0,0,0,0,0.011111111,0.066666667,0,0,0,0,0.011111111,0,0,0,0,0,0,0,0,0.083333333,0.166666667,0.083333333,0.083333333,0.083333333,0.166666667,0,0,0,0.166666667,0.083333333,0.083333333,0,0,0.011111111,0.044444444,0.011111111,0,0,0.066666667,0.011111111,0.644444444,0.011111111,0,0.166666667,0,0.011111111,0.022222222,0.066666667,0.011111111,0.077777778,0,0,0.255555556,0.366666667,0.044444444,0.166666667,0,0.033333333,0.022222222,0,0.022222222,0,0,0,0.066666667,0,0,0,0,0,0,0.033333333,0,0.033333333,0,2
subjects_105,0.047619048,0.047619048,0.047619048,0.047619048,0.142857143,0.095238095,0,0,0,0.142857143,0,0.142857143,0,0,0,0,0,0,0,0,0,0,0.142857143,0,0,0,0,0.047619048,0,0,0,0,0,0,0,0,0.076923077,0.307692308,0.076923077,0.076923077,0.153846154,0,0,0.076923077,0.076923077,0,0.076923077,0.076923077,0,0,0.047619048,0.142857143,0,0,0,0.142857143,0.047619048,0.428571429,0.047619048,0,0,0,0.047619048,0.095238095,0.428571429,0,0.428571429,0,0,0.047619048,0.142857143,0.142857143,0,0,0.142857143,0,0,0.238095238,0,0,0,0.142857143,0,0,0,0,0,0,0.142857143,0,0.142857143,0,2
subjects_109,0.011111111,0.011111111,0.011111111,0.088888889,0.111111111,0.122222222,0.122222222,0.044444444,0,0.166666667,0.011111111,0,0.011111111,0,0,0.055555556,0.022222222,0.033333333,0,0,0,0,0.111111111,0.011111111,0,0.022222222,0,0.011111111,0,0,0,0,0,0,0,0,0.166666667,0.166666667,0.166666667,0.166666667,0,0,0,0,0,0,0.166666667,0.166666667,0,0,0.011111111,0,0.055555556,0,0.011111111,0.144444444,0.011111111,0.666666667,0.011111111,0,0.044444444,0.011111111,0.011111111,0.022222222,0.066666667,0.055555556,0.033333333,0.011111111,0,0.311111111,0.3,0,0.044444444,0,0.033333333,0,0.033333333,0.066666667,0,0,0,0.111111111,0,0,0,0.011111111,0,0,0.033333333,0,0.033333333,0,3
subjects_113,0.016666667,0.016666667,0.016666667,0.066666667,0.083333333,0.116666667,0.083333333,0.083333333,0,0.066666667,0.016666667,0.05,0.033333333,0,0,0,0.016666667,0,0,0,0.033333333,0,0.066666667,0.083333333,0,0,0,0.016666667,0,0.05,0,0,0,0,0,0,0.115384615,0.269230769,0.038461538,0.038461538,0.038461538,0.115384615,0,0.230769231,0.076923077,0,0.038461538,0.038461538,0,0,0.016666667,0.083333333,0.033333333,0,0.083333333,0.066666667,0.016666667,0.416666667,0.116666667,0,0.083333333,0.033333333,0.016666667,0.033333333,0.166666667,0.033333333,0.266666667,0.033333333,0,0.25,0.166666667,0.05,0.083333333,0,0.05,0.05,0,0,0,0.033333333,0,0.066666667,0,0,0,0.083333333,0,0,0.05,0.05,0.1,0,1
subjects_118,0.019230769,0.019230769,0.019230769,0.038461538,0.153846154,0.211538462,0.230769231,0.096153846,0,0,0.057692308,0,0.019230769,0,0,0,0.038461538,0,0,0,0,0,0,0,0.019230769,0,0,0.019230769,0,0,0.019230769,0,0,0,0,0,0.071428571,0.214285714,0.071428571,0.214285714,0,0.142857143,0,0,0,0,0.071428571,0.071428571,0.142857143,0,0.019230769,0.019230769,0.115384615,0,0,0,0.019230769,0.634615385,0.019230769,0,0.096153846,0.019230769,0.019230769,0.038461538,0.153846154,0.096153846,0.096153846,0.019230769,0,0.25,0.384615385,0,0.096153846,0,0.134615385,0.038461538,0,0,0,0.019230769,0,0,0,0.019230769,0,0,0,0,0.057692308,0,0.057692308,0,2
subjects_119,0.018181818,0.018181818,0.018181818,0.072727273,0.127272727,0.090909091,0.018181818,0,0,0,0.018181818,0.163636364,0,0,0,0.018181818,0.036363636,0.054545455,0.018181818,0,0.036363636,0,0.036363636,0.018181818,0,0,0,0.018181818,0.036363636,0.036363636,0,0.018181818,0,0,0.018181818,0,0.129032258,0.258064516,0.032258065,0.032258065,0.096774194,0.032258065,0,0.161290323,0.129032258,0.064516129,0.032258065,0.032258065,0,0,0.018181818,0.236363636,0.072727273,0,0.018181818,0.090909091,0.018181818,0.327272727,0.163636364,0,0,0,0.018181818,0.036363636,0.272727273,0.072727273,0.363636364,0,0,0.163636364,0.163636364,0.163636364,0,0,0.054545455,0.018181818,0.054545455,0,0,0.072727273,0,0.036363636,0,0,0,0.018181818,0,0,0.054545455,0.072727273,0.127272727,0,3
subjects_121,0.016393443,0.016393443,0.016393443,0.098360656,0.114754098,0.147540984,0.081967213,0.016393443,0,0.049180328,0,0.081967213,0.016393443,0,0,0.081967213,0,0,0,0,0,0,0.098360656,0.032786885,0.016393443,0.016393443,0,0.016393443,0.016393443,0,0,0,0,0,0,0.016393443,0.05,0.25,0.05,0.05,0.1,0.1,0,0.25,0,0.05,0.05,0.05,0,0,0.016393443,0.098360656,0.032786885,0,0.032786885,0.098360656,0.016393443,0.573770492,0.049180328,0,0.016393443,0.016393443,0.016393443,0.032786885,0.098360656,0.016393443,0.245901639,0.016393443,0,0.295081967,0.213114754,0.081967213,0.016393443,0,0.049180328,0.032786885,0,0.06557377,0,0.016393443,0,0.098360656,0,0.016393443,0,0.032786885,0,0,0.049180328,0.016393443,0.06557377,0,2
subjects_126,0.015151515,0.015151515,0.015151515,0.075757576,0.136363636,0.166666667,0.242424242,0.106060606,0,0,0.015151515,0,0,0,0.03030303,0.015151515,0,0.015151515,0,0,0.015151515,0,0.090909091,0,0,0,0,0.015151515,0,0,0,0,0,0,0,0,0.022727273,0.227272727,0.022727273,0.204545455,0.022727273,0.227272727,0,0.022727273,0,0.022727273,0.022727273,0.022727273,0.181818182,0,0.015151515,0.015151515,0.045454545,0,0,0.106060606,0.015151515,0.636363636,0.015151515,0,0.106060606,0,0.015151515,0.03030303,0.090909091,0.045454545,0.227272727,0,0,0.242424242,0.393939394,0,0.106060606,0,0.287878788,0.151515152,0.015151515,0,0,0.015151515,0,0.090909091,0,0,0,0,0,0,0.045454545,0,0.045454545,0,2
subjects_132,0.016949153,0.016949153,0.016949153,0.118644068,0.152542373,0.203389831,0.186440678,0.152542373,0,0.016949153,0,0,0.033898305,0,0,0,0,0,0,0,0,0,0.016949153,0,0.016949153,0,0,0.016949153,0,0,0,0,0,0,0,0,0.071428571,0.214285714,0.071428571,0.071428571,0.142857143,0.285714286,0,0,0,0,0.071428571,0.071428571,0,0,0.016949153,0,0.016949153,0,0,0.016949153,0.016949153,0.677966102,0.016949153,0,0.152542373,0.033898305,0.016949153,0.033898305,0.101694915,0,0.118644068,0.033898305,0,0.338983051,0.338983051,0,0.152542373,0,0.050847458,0.06779661,0,0,0,0,0,0.016949153,0,0.016949153,0,0,0,0,0.050847458,0,0.050847458,0,2
subjects_133,0.021276596,0.021276596,0.021276596,0.063829787,0.106382979,0.255319149,0.021276596,0,0,0.106382979,0.085106383,0.127659574,0,0,0,0.021276596,0.021276596,0.021276596,0,0,0,0,0,0,0.021276596,0,0,0.021276596,0,0,0,0.021276596,0,0,0,0,0.1,0.2,0.05,0.05,0.15,0.05,0,0,0.1,0.2,0.05,0.05,0,0,0.021276596,0.14893617,0.127659574,0,0,0.021276596,0.021276596,0.574468085,0.021276596,0,0,0,0.021276596,0.042553191,0.191489362,0.106382979,0.276595745,0,0,0.212765957,0.127659574,0.127659574,0,0,0.063829787,0.021276596,0.021276596,0.234042553,0,0.021276596,0,0,0,0.021276596,0,0,0,0,0.063829787,0,0.063829787,0,2
subjects_148,0.02173913,0.02173913,0.02173913,0.02173913,0.130434783,0.260869565,0.130434783,0.152173913,0,0,0.043478261,0.02173913,0,0,0.043478261,0.043478261,0.02173913,0,0,0,0,0,0,0,0,0,0,0.02173913,0,0,0,0,0,0,0,0,0.052631579,0.210526316,0.052631579,0.157894737,0,0.210526316,0,0,0,0.105263158,0.052631579,0.052631579,0.105263158,0,0.02173913,0.02173913,0.108695652,0,0,0,0.02173913,0.586956522,0.02173913,0,0.152173913,0,0.02173913,0.043478261,0.130434783,0.108695652,0.173913043,0,0,0.260869565,0.282608696,0.02173913,0.152173913,0,0.152173913,0.086956522,0,0.043478261,0,0,0,0,0,0,0,0,0,0,0.065217391,0,0.065217391,0,2
subjects_149,0.010204082,0.010204082,0.010204082,0.030612245,0.051020408,0.285714286,0.183673469,0.112244898,0,0.020408163,0.06122449,0.081632653,0.010204082,0,0,0.010204082,0,0,0.040816327,0,0,0,0.030612245,0,0,0,0,0.010204082,0,0,0.010204082,0,0,0.010204082,0,0,0.074074074,0.148148148,0.037037037,0.037037037,0.259259259,0.185185185,0.037037037,0.074074074,0,0.074074074,0.037037037,0.037037037,0,0,0.010204082,0.091836735,0.112244898,0,0,0.030612245,0.010204082,0.581632653,0.010204082,0,0.112244898,0.010204082,0.010204082,0.020408163,0.081632653,0.102040816,0.173469388,0.010204082,0,0.336734694,0.244897959,0.081632653,0.112244898,0,0.030612245,0.051020408,0,0,0,0.010204082,0,0.030612245,0,0.010204082,0,0,0,0,0.030612245,0,0.030612245,0,2
subjects_152,0.01010101,0.01010101,0.01010101,0.060606061,0.131313131,0.262626263,0.141414141,0.111111111,0.02020202,0.080808081,0.03030303,0.01010101,0,0,0,0.04040404,0.02020202,0,0,0,0,0,0,0,0.01010101,0.02020202,0,0.01010101,0,0,0,0,0,0,0,0,0.033333333,0.233333333,0.033333333,0.033333333,0.2,0.3,0,0,0,0.1,0.033333333,0.033333333,0,0,0.01010101,0.01010101,0.080808081,0,0,0,0.01010101,0.717171717,0.01010101,0,0.131313131,0,0.01010101,0.02020202,0.080808081,0.070707071,0.181818182,0,0,0.404040404,0.313131313,0.01010101,0.111111111,0.02020202,0.03030303,0.090909091,0,0,0,0,0,0,0,0.01010101,0,0,0,0,0.03030303,0,0.03030303,0,2
subjects_161,0.015151515,0.015151515,0.015151515,0.090909091,0.075757576,0.166666667,0.015151515,0.060606061,0,0.060606061,0.015151515,0.075757576,0,0,0,0.015151515,0,0,0.090909091,0,0.045454545,0,0.015151515,0.075757576,0.015151515,0,0.075757576,0.015151515,0,0,0,0,0,0,0.015151515,0,0.153846154,0.128205128,0.025641026,0.025641026,0.102564103,0.205128205,0.076923077,0.025641026,0.051282051,0.102564103,0.025641026,0.025641026,0,0.051282051,0.015151515,0.212121212,0.121212121,0,0.075757576,0.015151515,0.015151515,0.424242424,0.015151515,0,0.060606061,0,0.015151515,0.03030303,0.242424242,0.106060606,0.272727273,0,0,0.257575758,0.106060606,0.151515152,0.060606061,0,0.045454545,0.121212121,0,0.060606061,0,0.060606061,0,0.015151515,0,0.015151515,0,0.075757576,0,0,0.045454545,0,0.045454545,0,1
subjects_166,0.011494253,0.011494253,0.011494253,0.126436782,0.103448276,0.08045977,0.034482759,0.045977011,0,0.068965517,0,0.172413793,0,0,0,0.022988506,0.011494253,0.011494253,0,0,0,0,0,0,0.045977011,0.022988506,0,0.011494253,0.091954023,0,0,0,0,0,0,0,0.125,0.166666667,0.041666667,0.041666667,0.125,0.166666667,0,0.125,0.125,0,0.041666667,0.041666667,0,0,0.011494253,0.172413793,0.08045977,0,0,0.011494253,0.011494253,0.436781609,0.195402299,0,0.045977011,0,0.011494253,0.022988506,0.126436782,0.034482759,0.137931034,0,0,0.149425287,0.103448276,0.172413793,0.045977011,0,0.034482759,0.045977011,0.011494253,0.183908046,0,0,0,0,0,0.045977011,0,0,0,0,0.034482759,0.091954023,0.126436782,0,2
subjects_169,0.008547009,0.008547009,0.008547009,0.042735043,0.128205128,0.230769231,0.179487179,0.111111111,0,0.034188034,0.034188034,0.008547009,0,0,0.008547009,0.034188034,0.008547009,0,0,0,0,0,0.034188034,0,0.042735043,0.051282051,0,0.008547009,0,0,0,0,0,0,0,0,0.041666667,0.166666667,0.041666667,0.041666667,0.333333333,0.25,0,0,0,0.041666667,0.041666667,0.041666667,0,0,0.008547009,0.008547009,0.145299145,0,0,0.034188034,0.008547009,0.64957265,0.008547009,0,0.111111111,0,0.008547009,0.017094017,0.051282051,0.102564103,0.128205128,0,0,0.256410256,0.324786325,0.008547009,0.111111111,0,0.025641026,0.051282051,0,0.068376068,0,0,0,0.034188034,0,0.042735043,0,0,0,0,0.025641026,0,0.025641026,0,2
subjects_170,0.014084507,0.014084507,0.014084507,0.070422535,0.169014085,0.295774648,0.14084507,0.14084507,0,0.028169014,0.014084507,0.056338028,0,0,0,0,0,0,0,0,0,0,0,0,0,0,0,0.014084507,0,0,0,0,0,0,0,0,0.045454545,0.227272727,0.045454545,0.136363636,0,0.227272727,0,0.136363636,0,0,0.045454545,0.045454545,0.090909091,0,0.014084507,0.056338028,0.014084507,0,0,0,0.014084507,0.704225352,0.014084507,0,0.14084507,0,0.014084507,0.028169014,0.084507042,0.014084507,0.14084507,0,0,0.394366197,0.309859155,0.056338028,0.14084507,0,0.098591549,0.070422535,0,0,0,0,0,0,0,0,0,0,0,0,0.042253521,0,0.042253521,0,2
subjects_177,0.008333333,0.008333333,0.008333333,0.1,0.116666667,0.25,0.158333333,0.066666667,0,0.05,0.016666667,0.033333333,0.05,0,0,0,0,0,0,0,0.008333333,0,0.008333333,0.041666667,0,0,0.008333333,0.008333333,0.008333333,0,0,0.025,0,0,0,0,0.064516129,0.129032258,0.032258065,0.032258065,0.258064516,0.290322581,0,0.096774194,0.032258065,0,0.032258065,0.032258065,0,0,0.008333333,0.075,0.016666667,0,0.041666667,0.008333333,0.008333333,0.675,0.025,0,0.066666667,0.05,0.008333333,0.016666667,0.083333333,0.008333333,0.141666667,0.016666667,0,0.191666667,0.258333333,0.041666667,0.066666667,0,0.025,0.075,0,0.225,0,0.008333333,0,0.008333333,0.008333333,0,0,0.033333333,0.033333333,0.025,0.025,0.008333333,0.033333333,0.008333333,2
subjects_178,0.008474576,0.008474576,0.008474576,0.093220339,0.110169492,0.169491525,0.161016949,0.093220339,0,0.008474576,0.093220339,0.025423729,0,0,0.025423729,0.016949153,0.008474576,0.016949153,0.025423729,0,0,0,0.06779661,0,0.016949153,0.016949153,0,0.008474576,0,0,0,0,0,0,0,0,0.051282051,0.179487179,0.025641026,0.025641026,0.333333333,0.307692308,0,0,0.025641026,0,0.025641026,0.025641026,0,0,0.008474576,0.025423729,0.186440678,0,0,0.084745763,0.008474576,0.559322034,0.008474576,0,0.093220339,0,0.008474576,0.016949153,0.06779661,0.169491525,0.186440678,0,0,0.271186441,0.288135593,0.025423729,0.093220339,0,0.025423729,0.101694915,0.016949153,0,0,0,0,0.06779661,0,0.016949153,0,0,0,0,0.025423729,0,0.025423729,0,2
subjects_180,0.02173913,0.02173913,0.02173913,0.02173913,0.152173913,0.173913043,0.108695652,0.086956522,0.02173913,0.02173913,0.02173913,0.043478261,0,0,0,0,0.108695652,0,0,0,0,0,0.043478261,0.02173913,0.02173913,0.02173913,0,0.02173913,0,0,0,0,0,0,0,0,0.052631579,0.210526316,0.052631579,0.157894737,0.157894737,0.157894737,0,0,0,0,0.052631579,0.052631579,0.105263158,0,0.02173913,0.043478261,0.173913043,0,0.02173913,0.043478261,0.02173913,0.47826087,0.02173913,0,0.108695652,0,0.02173913,0.043478261,0.130434783,0.152173913,0.195652174,0,0,0.217391304,0.260869565,0.043478261,0.086956522,0.02173913,0.152173913,0.065217391,0,0,0,0,0,0.043478261,0,0.02173913,0,0.02173913,0,0,0.065217391,0,0.065217391,0,2
subjects_181,0.03125,0.03125,0.03125,0.0625,0.03125,0.0625,0,0,0,0,0.03125,0.1875,0.0625,0.03125,0,0.0625,0.0625,0,0,0,0.09375,0,0.0625,0,0.03125,0.03125,0,0.03125,0,0,0,0,0,0,0,0,0.230769231,0.153846154,0.038461538,0.038461538,0.076923077,0.038461538,0,0.038461538,0.192307692,0.115384615,0.038461538,0.038461538,0,0,0.03125,0.28125,0.15625,0,0,0.0625,0.03125,0.21875,0.03125,0,0,0.09375,0.03125,0.0625,0.5,0.125,0.375,0.0625,0.03125,0.125,0.03125,0.1875,0,0,0.09375,0.03125,0,0.0625,0,0.09375,0,0.0625,0,0.03125,0,0,0,0,0.09375,0,0.09375,0,1
subjects_186,0.018181818,0.018181818,0.018181818,0.018181818,0.145454545,0.345454545,0.090909091,0.127272727,0,0,0.090909091,0,0,0,0,0.072727273,0,0,0,0,0,0,0,0,0,0,0,0.018181818,0,0,0,0,0,0,0,0,0.071428571,0.071428571,0.071428571,0.071428571,0.285714286,0.285714286,0,0,0,0,0.071428571,0.071428571,0,0,0.018181818,0,0.090909091,0,0,0,0.018181818,0.672727273,0.018181818,0,0.127272727,0,0.018181818,0.036363636,0.109090909,0.090909091,0.127272727,0,0,0.363636364,0.309090909,0,0.127272727,0,0.054545455,0.072727273,0,0,0,0,0,0,0,0,0,0,0,0,0.054545455,0,0.054545455,0,2
subjects_191,0.017857143,0.017857143,0.017857143,0.089285714,0.107142857,0.214285714,0.125,0.107142857,0,0,0.017857143,0.071428571,0.017857143,0,0,0.035714286,0.017857143,0,0.035714286,0,0,0,0.017857143,0.017857143,0,0,0,0.017857143,0,0,0,0,0,0.017857143,0,0,0.058823529,0.176470588,0.058823529,0.058823529,0.235294118,0.235294118,0,0,0,0.058823529,0.058823529,0.058823529,0,0,0.017857143,0.071428571,0.089285714,0,0.017857143,0.017857143,0.017857143,0.571428571,0.017857143,0,0.107142857,0.017857143,0.017857143,0.035714286,0.107142857,0.071428571,0.178571429,0.017857143,0,0.285714286,0.267857143,0.071428571,0.107142857,0,0.053571429,0.071428571,0,0.017857143,0,0,0,0.017857143,0,0.017857143,0,0.017857143,0,0,0.053571429,0,0.053571429,0,2
subjects_199,0.014705882,0.014705882,0.014705882,0.014705882,0.176470588,0.279411765,0.044117647,0.088235294,0,0.014705882,0.117647059,0.058823529,0,0,0.014705882,0,0.029411765,0.029411765,0,0,0,0,0.044117647,0,0,0,0,0.014705882,0,0,0,0,0,0,0,0,0.045454545,0.318181818,0.045454545,0.045454545,0.181818182,0.181818182,0,0.045454545,0,0.045454545,0.045454545,0.045454545,0,0,0.014705882,0.058823529,0.161764706,0,0,0.073529412,0.014705882,0.529411765,0.014705882,0,0.088235294,0,0.014705882,0.029411765,0.088235294,0.161764706,0.220588235,0,0,0.308823529,0.220588235,0.058823529,0.088235294,0,0.044117647,0.058823529,0.029411765,0,0,0,0,0.044117647,0,0,0,0,0,0,0.044117647,0,0.044117647,0,2
subjects_203,0.009615385,0.009615385,0.009615385,0.028846154,0.163461538,0.211538462,0.125,0.048076923,0,0.019230769,0.028846154,0.009615385,0.009615385,0.009615385,0,0,0,0,0,0,0.009615385,0,0.028846154,0.009615385,0.028846154,0.028846154,0.105769231,0.009615385,0,0.009615385,0,0.038461538,0,0,0,0.019230769,0.058823529,0.274509804,0.019607843,0.058823529,0.117647059,0.176470588,0,0.098039216,0.039215686,0.078431373,0.019607843,0.019607843,0.039215686,0,0.009615385,0.182692308,0.086538462,0,0.009615385,0.028846154,0.009615385,0.548076923,0.028846154,0,0.048076923,0.019230769,0.009615385,0.019230769,0.096153846,0.057692308,0.298076923,0.009615385,0.009615385,0.086538462,0.230769231,0.115384615,0.048076923,0,0.067307692,0.086538462,0,0.230769231,0,0.067307692,0,0.028846154,0,0.028846154,0,0.009615385,0,0,0.028846154,0.009615385,0.038461538,0,2
subjects_204,0.011494253,0.011494253,0.011494253,0.034482759,0.16091954,0.24137931,0.149425287,0.126436782,0,0.011494253,0.022988506,0.034482759,0,0,0,0.011494253,0,0,0,0,0,0,0.034482759,0.011494253,0.045977011,0.045977011,0,0.011494253,0,0,0,0,0,0,0,0,0.04,0.24,0.04,0.08,0.2,0.2,0,0.04,0,0.04,0.04,0.04,0.04,0,0.011494253,0.034482759,0.114942529,0,0.011494253,0.034482759,0.011494253,0.609195402,0.011494253,0,0.126436782,0,0.011494253,0.022988506,0.068965517,0.068965517,0.172413793,0,0,0.264367816,0.310344828,0.034482759,0.126436782,0,0.057471264,0.057471264,0,0.034482759,0,0,0,0.034482759,0,0.045977011,0,0.011494253,0,0,0.034482759,0,0.034482759,0,2
subjects_209,0.016129032,0.016129032,0.016129032,0.048387097,0.032258065,0.048387097,0.241935484,0,0,0,0.032258065,0.016129032,0.016129032,0,0,0.016129032,0.032258065,0,0.016129032,0,0.032258065,0,0.064516129,0,0.016129032,0.032258065,0,0.016129032,0.129032258,0.016129032,0,0,0,0,0,0,0.055555556,0.333333333,0.055555556,0.055555556,0.222222222,0,0,0.111111111,0,0.055555556,0.055555556,0.055555556,0,0,0.016129032,0.048387097,0.129032258,0,0,0.064516129,0.016129032,0.387096774,0.274193548,0,0,0.016129032,0.016129032,0.032258065,0.096774194,0.112903226,0.241935484,0.016129032,0,0.096774194,0.290322581,0.016129032,0,0,0.048387097,0,0,0,0,0.032258065,0,0.064516129,0,0.016129032,0,0,0,0,0.048387097,0.14516129,0.161290323,0,1
subjects_210,0.009174312,0.009174312,0.009174312,0.073394495,0.146788991,0.165137615,0.073394495,0.009174312,0,0.064220183,0.009174312,0.100917431,0.009174312,0,0,0.082568807,0,0.04587156,0,0,0.018348624,0,0.100917431,0.009174312,0.009174312,0.018348624,0,0.009174312,0,0,0,0.009174312,0,0,0,0,0.172413793,0.137931034,0.034482759,0.034482759,0.206896552,0.137931034,0,0.068965517,0.137931034,0,0.034482759,0.034482759,0,0,0.009174312,0.128440367,0.036697248,0,0.009174312,0.146788991,0.009174312,0.605504587,0.009174312,0,0.009174312,0.009174312,0.009174312,0.018348624,0.128440367,0.027522936,0.128440367,0.009174312,0,0.28440367,0.23853211,0.100917431,0.009174312,0,0.027522936,0.036697248,0.04587156,0.082568807,0,0.027522936,0,0.100917431,0,0.009174312,0,0.009174312,0,0,0.027522936,0,0.027522936,0,3
subjects_211,0.014084507,0.014084507,0.014084507,0,0.14084507,0.295774648,0.183098592,0.183098592,0,0.014084507,0.042253521,0,0.014084507,0,0,0,0,0,0,0,0.014084507,0,0.028169014,0,0,0,0,0.014084507,0,0,0,0,0,0,0,0,0.181818182,0.136363636,0.045454545,0.045454545,0.136363636,0.136363636,0,0.090909091,0.136363636,0,0.045454545,0.045454545,0,0,0.014084507,0.014084507,0.042253521,0,0,0.028169014,0.014084507,0.633802817,0.014084507,0,0.183098592,0.014084507,0.014084507,0.028169014,0.169014085,0.042253521,0.14084507,0.014084507,0,0.309859155,0.323943662,0,0.183098592,0,0.042253521,0.042253521,0,0,0,0.014084507,0,0.028169014,0,0,0,0,0,0,0.042253521,0,0.042253521,0,2
subjects_214,0.011904762,0.011904762,0.011904762,0.095238095,0.023809524,0.130952381,0.142857143,0.047619048,0.011904762,0.05952381,0.047619048,0.142857143,0.023809524,0,0,0.035714286,0.035714286,0.011904762,0,0,0,0,0.071428571,0,0,0,0,0.011904762,0,0.023809524,0,0,0,0,0,0,0.043478261,0.260869565,0.043478261,0.043478261,0.130434783,0.260869565,0,0.043478261,0,0.086956522,0.043478261,0.043478261,0,0,0.011904762,0.142857143,0.083333333,0,0,0.083333333,0.011904762,0.488095238,0.05952381,0,0.05952381,0.023809524,0.011904762,0.023809524,0.071428571,0.083333333,0.166666667,0.023809524,0,0.285714286,0.202380952,0.142857143,0.047619048,0.011904762,0.035714286,0.071428571,0.011904762,0,0,0,0,0.071428571,0,0,0,0,0,0,0.035714286,0.023809524,0.05952381,0,2
subjects_215,0.022222222,0.022222222,0.022222222,0.022222222,0.244444444,0.155555556,0.111111111,0,0,0,0,0.222222222,0.022222222,0.022222222,0,0.022222222,0,0,0,0,0,0,0,0,0.022222222,0.022222222,0,0.022222222,0,0,0,0,0,0,0,0,0.0625,0.25,0.0625,0.0625,0.125,0.1875,0,0.125,0,0,0.0625,0.0625,0,0,0.022222222,0.222222222,0.044444444,0,0,0,0.022222222,0.555555556,0.022222222,0,0,0.044444444,0.022222222,0.044444444,0.133333333,0.022222222,0.222222222,0.022222222,0.022222222,0.133333333,0.355555556,0.222222222,0,0,0.066666667,0.066666667,0,0.066666667,0,0,0,0,0,0.022222222,0,0,0,0,0.066666667,0,0.066666667,0,2
subjects_217,0.037037037,0.037037037,0.037037037,0.074074074,0.074074074,0.037037037,0,0,0,0.111111111,0.037037037,0.074074074,0.037037037,0,0,0.111111111,0,0,0,0,0,0,0.111111111,0.037037037,0,0,0,0.037037037,0,0.037037037,0,0,0,0,0,0,0.076923077,0.307692308,0.076923077,0.076923077,0.076923077,0.153846154,0,0.076923077,0,0,0.076923077,0.076923077,0,0,0.037037037,0.074074074,0.037037037,0,0.037037037,0.111111111,0.037037037,0.407407407,0.111111111,0,0,0.037037037,0.037037037,0.074074074,0.222222222,0.037037037,0.296296296,0.037037037,0,0.222222222,0.074074074,0.074074074,0,0,0.111111111,0.074074074,0,0.111111111,0,0,0,0.111111111,0,0,0,0.037037037,0,0,0.111111111,0.037037037,0.148148148,0,2
subjects_219,0.010309278,0.010309278,0.010309278,0.051546392,0.154639175,0.18556701,0.113402062,0.082474227,0,0.030927835,0.06185567,0.06185567,0.010309278,0.020618557,0,0.041237113,0.010309278,0.010309278,0,0,0.010309278,0,0,0,0.010309278,0.010309278,0,0.010309278,0,0.030927835,0,0.010309278,0,0,0,0,0.181818182,0.113636364,0.022727273,0.022727273,0.068181818,0.090909091,0,0.113636364,0.181818182,0.159090909,0.022727273,0.022727273,0,0,0.010309278,0.082474227,0.092783505,0,0,0.010309278,0.010309278,0.577319588,0.072164948,0,0.082474227,0.030927835,0.010309278,0.020618557,0.257731959,0.082474227,0.226804124,0.010309278,0.020618557,0.206185567,0.309278351,0.06185567,0.082474227,0,0.030927835,0.041237113,0.010309278,0.06185567,0,0.020618557,0,0,0,0.010309278,0,0,0,0,0.030927835,0.030927835,0.06185567,0,2
subjects_225,0.021276596,0.021276596,0.021276596,0.085106383,0.106382979,0.212765957,0.085106383,0.042553191,0,0.042553191,0.042553191,0.106382979,0.021276596,0,0,0.021276596,0.021276596,0,0,0,0,0,0.021276596,0,0,0,0,0.021276596,0,0.021276596,0,0.021276596,0,0,0,0,0.117647059,0.294117647,0.058823529,0.058823529,0.176470588,0.058823529,0,0.058823529,0.058823529,0,0.058823529,0.058823529,0,0,0.021276596,0.127659574,0.063829787,0,0,0.021276596,0.021276596,0.553191489,0.063829787,0,0.042553191,0.021276596,0.021276596,0.042553191,0.170212766,0.063829787,0.234042553,0.021276596,0,0.276595745,0.191489362,0.106382979,0.042553191,0,0.063829787,0.021276596,0,0.085106383,0,0.021276596,0,0.021276596,0,0,0,0,0,0,0.063829787,0.021276596,0.085106383,0,2
subjects_226,0.017857143,0.017857143,0.017857143,0.035714286,0.089285714,0.160714286,0.053571429,0.071428571,0,0.017857143,0.053571429,0.142857143,0.053571429,0.035714286,0,0,0.035714286,0.053571429,0,0,0,0,0.053571429,0.017857143,0,0,0,0.017857143,0,0,0.017857143,0,0,0,0,0,0.083333333,0.25,0.083333333,0.083333333,0.083333333,0.166666667,0,0.083333333,0,0,0.083333333,0.083333333,0,0,0.017857143,0.160714286,0.089285714,0,0.017857143,0.107142857,0.017857143,0.357142857,0.017857143,0,0.071428571,0.089285714,0.017857143,0.035714286,0.107142857,0.089285714,0.125,0.053571429,0.035714286,0.214285714,0.142857143,0.142857143,0.071428571,0,0.053571429,0.035714286,0.053571429,0,0,0.017857143,0,0.053571429,0,0,0,0.017857143,0,0,0.053571429,0,0.053571429,0,3
subjects_227,0.008264463,0.008264463,0.008264463,0.033057851,0.066115702,0.20661157,0.223140496,0.148760331,0.024793388,0.041322314,0.041322314,0,0,0,0,0.024793388,0.008264463,0,0.008264463,0,0,0,0.099173554,0,0,0,0,0.008264463,0,0,0.024793388,0,0,0,0,0,0.074074074,0.074074074,0.037037037,0.037037037,0.296296296,0.296296296,0,0.074074074,0.037037037,0,0.037037037,0.037037037,0,0,0.008264463,0.024793388,0.05785124,0,0,0.099173554,0.008264463,0.595041322,0.008264463,0,0.173553719,0,0.008264463,0.016528926,0.066115702,0.05785124,0.115702479,0,0,0.280991736,0.314049587,0,0.148760331,0.024793388,0.024793388,0.066115702,0,0,0,0.024793388,0,0.099173554,0,0,0,0,0,0,0.024793388,0,0.024793388,0,2
subjects_236,0.017241379,0.017241379,0.017241379,0.034482759,0.086206897,0.25862069,0.189655172,0.086206897,0,0.051724138,0.017241379,0.068965517,0,0,0.017241379,0.034482759,0.017241379,0,0,0,0,0,0,0,0.017241379,0,0,0.017241379,0,0,0,0,0,0,0,0.017241379,0.047619048,0.19047619,0.047619048,0.047619048,0.095238095,0.285714286,0,0.19047619,0,0,0.047619048,0.047619048,0,0,0.017241379,0.086206897,0.068965517,0,0,0,0.017241379,0.655172414,0.017241379,0,0.086206897,0,0.017241379,0.034482759,0.137931034,0.051724138,0.206896552,0,0,0.293103448,0.25862069,0.068965517,0.086206897,0,0.051724138,0.103448276,0,0.103448276,0,0.017241379,0,0,0,0.017241379,0,0,0,0,0.051724138,0,0.051724138,0,2
subjects_238,0.012195122,0.012195122,0.012195122,0.097560976,0.109756098,0.195121951,0.024390244,0.097560976,0,0.06097561,0.048780488,0.073170732,0,0,0,0.024390244,0,0.024390244,0.024390244,0,0.012195122,0,0.085365854,0,0.012195122,0.012195122,0,0.012195122,0,0.012195122,0,0,0,0,0,0,0.107142857,0.25,0.035714286,0.035714286,0.071428571,0.178571429,0,0,0.107142857,0.142857143,0.035714286,0.035714286,0,0,0.012195122,0.085365854,0.097560976,0,0,0.109756098,0.012195122,0.512195122,0.036585366,0,0.097560976,0,0.012195122,0.024390244,0.158536585,0.085365854,0.182926829,0,0,0.353658537,0.158536585,0.073170732,0.097560976,0,0.036585366,0.06097561,0.024390244,0,0,0.012195122,0,0.085365854,0,0.012195122,0,0,0,0,0.036585366,0.012195122,0.048780488,0,2
subjects_239,0.016666667,0.016666667,0.016666667,0.033333333,0.133333333,0.333333333,0.1,0.133333333,0,0.1,0,0.016666667,0,0,0,0,0,0,0,0,0.016666667,0,0,0,0.016666667,0.016666667,0,0.016666667,0,0,0,0,0,0,0,0,0.055555556,0.111111111,0.055555556,0.055555556,0.222222222,0.333333333,0,0,0,0.055555556,0.055555556,0.055555556,0,0,0.016666667,0.033333333,0.033333333,0,0,0,0.016666667,0.7,0.016666667,0,0.133333333,0,0.016666667,0.033333333,0.1,0.016666667,0.15,0,0,0.466666667,0.233333333,0.016666667,0.133333333,0,0.05,0.1,0,0,0,0.016666667,0,0,0,0.016666667,0,0,0,0,0.05,0,0.05,0,2
subjects_240,0.009090909,0.009090909,0.009090909,0.045454545,0.154545455,0.172727273,0.2,0.072727273,0,0.027272727,0,0.072727273,0.009090909,0,0,0.045454545,0.009090909,0.009090909,0.009090909,0,0.009090909,0,0.045454545,0,0.036363636,0.018181818,0,0.009090909,0,0,0,0,0,0.009090909,0,0,0.041666667,0.083333333,0.041666667,0.041666667,0.125,0.25,0,0.166666667,0,0.166666667,0.041666667,0.041666667,0,0,0.009090909,0.081818182,0.081818182,0,0,0.054545455,0.009090909,0.645454545,0.009090909,0,0.072727273,0.009090909,0.009090909,0.018181818,0.054545455,0.036363636,0.136363636,0.009090909,0,0.236363636,0.363636364,0.072727273,0.072727273,0,0.027272727,0.054545455,0.009090909,0.045454545,0,0.009090909,0,0.045454545,0,0.045454545,0,0,0,0,0.027272727,0,0.027272727,0,2
subjects_244,0.012987013,0.012987013,0.012987013,0.038961039,0.090909091,0.233766234,0.207792208,0.103896104,0.012987013,0.064935065,0.012987013,0.064935065,0,0,0,0,0.012987013,0,0,0,0.012987013,0,0.064935065,0,0,0,0,0.012987013,0,0,0,0,0,0,0,0,0.166666667,0.166666667,0.166666667,0.166666667,0,0,0,0,0,0,0.166666667,0.166666667,0,0,0.012987013,0.077922078,0.025974026,0,0,0.064935065,0.012987013,0.636363636,0.012987013,0,0.116883117,0,0.012987013,0.025974026,0.077922078,0.025974026,0.038961039,0,0,0.337662338,0.298701299,0.064935065,0.103896104,0.012987013,0.038961039,0,0,0,0,0.012987013,0,0.064935065,0,0,0,0,0,0,0.038961039,0,0.038961039,0,2
subjects_250,0.014705882,0.014705882,0.014705882,0,0.176470588,0.25,0.132352941,0.073529412,0.014705882,0.014705882,0.014705882,0.088235294,0.014705882,0,0,0,0,0.014705882,0.044117647,0,0,0,0,0,0.029411765,0,0,0.014705882,0,0,0,0,0,0.044117647,0,0,0.068965517,0.206896552,0.034482759,0.137931034,0.103448276,0.172413793,0,0,0.034482759,0.068965517,0.034482759,0.034482759,0.103448276,0,0.014705882,0.088235294,0.132352941,0,0,0.014705882,0.014705882,0.573529412,0.014705882,0,0.088235294,0.014705882,0.014705882,0.029411765,0.117647059,0.058823529,0.191176471,0.014705882,0,0.264705882,0.308823529,0.088235294,0.073529412,0.014705882,0.132352941,0.073529412,0.014705882,0,0,0,0,0,0,0.073529412,0,0,0,0,0.044117647,0,0.044117647,0,2
subjects_251,0.022727273,0.022727273,0.022727273,0.090909091,0.068181818,0.136363636,0.068181818,0.045454545,0,0,0.136363636,0.159090909,0,0,0,0,0.045454545,0,0,0,0,0,0,0,0.045454545,0.068181818,0,0.022727273,0,0,0,0,0,0,0,0,0.041666667,0.416666667,0.041666667,0.041666667,0.125,0.083333333,0,0.083333333,0,0.083333333,0.041666667,0.041666667,0,0,0.022727273,0.159090909,0.295454545,0,0,0,0.022727273,0.363636364,0.022727273,0,0.045454545,0,0.022727273,0.045454545,0.136363636,0.25,0.431818182,0,0,0.227272727,0.136363636,0.159090909,0.045454545,0,0.068181818,0.045454545,0,0,0,0,0,0,0,0.045454545,0,0,0,0,0.068181818,0,0.068181818,0,2
subjects_254,0.021276596,0.021276596,0.021276596,0,0.085106383,0.234042553,0.191489362,0.085106383,0,0,0.021276596,0.127659574,0,0,0,0,0,0.021276596,0,0,0,0.021276596,0.021276596,0,0.042553191,0.021276596,0,0.021276596,0,0,0,0,0,0,0,0,0.0625,0.25,0.0625,0.125,0.0625,0.1875,0,0.0625,0,0,0.0625,0.0625,0.0625,0,0.021276596,0.127659574,0.106382979,0,0,0.042553191,0.021276596,0.510638298,0.021276596,0,0.085106383,0,0.021276596,0.042553191,0.127659574,0.063829787,0.170212766,0,0,0.234042553,0.276595745,0.127659574,0.085106383,0,0.106382979,0.063829787,0.021276596,0,0,0,0,0.021276596,0,0.042553191,0,0,0,0,0.063829787,0,0.063829787,0,2
subjects_256,0.013333333,0.013333333,0.013333333,0.04,0.146666667,0.226666667,0.133333333,0.08,0.013333333,0,0.053333333,0.066666667,0,0,0,0.026666667,0,0.013333333,0.013333333,0,0,0,0.053333333,0,0.013333333,0.013333333,0,0.013333333,0,0.013333333,0,0,0,0,0,0,0.037037037,0.37037037,0.037037037,0.074074074,0.111111111,0.148148148,0,0.074074074,0,0.037037037,0.037037037,0.037037037,0.037037037,0,0.013333333,0.066666667,0.093333333,0,0,0.066666667,0.013333333,0.573333333,0.04,0,0.093333333,0,0.013333333,0.026666667,0.08,0.08,0.24,0,0,0.266666667,0.28,0.066666667,0.08,0.013333333,0.066666667,0.053333333,0.013333333,0.026666667,0,0,0,0.053333333,0,0.013333333,0,0,0,0,0.04,0.013333333,0.053333333,0,2
subjects_258,0.014925373,0.014925373,0.014925373,0.104477612,0.119402985,0.194029851,0.089552239,0.029850746,0,0.074626866,0.044776119,0.074626866,0.029850746,0.029850746,0,0,0,0,0,0,0,0,0.029850746,0,0.029850746,0.029850746,0,0.014925373,0.014925373,0,0,0,0,0,0,0,0.111111111,0.259259259,0.037037037,0.037037037,0.222222222,0.111111111,0.037037037,0.074074074,0.037037037,0,0.037037037,0.037037037,0,0,0.014925373,0.074626866,0.104477612,0,0,0.029850746,0.014925373,0.582089552,0.044776119,0,0.029850746,0.059701493,0.014925373,0.029850746,0.179104478,0.074626866,0.253731343,0.029850746,0.029850746,0.373134328,0.179104478,0.074626866,0.029850746,0,0.044776119,0.044776119,0,0.029850746,0,0,0,0.029850746,0,0.029850746,0,0,0,0,0.044776119,0.014925373,0.059701493,0,2
subjects_262,0.015384615,0.015384615,0.015384615,0.076923077,0.107692308,0.2,0.123076923,0.092307692,0,0.015384615,0.030769231,0.138461538,0,0,0,0,0.030769231,0,0,0,0,0,0.061538462,0,0.030769231,0,0,0.015384615,0,0,0,0,0,0,0,0,0.058823529,0.117647059,0.058823529,0.058823529,0.235294118,0.294117647,0,0.058823529,0,0,0.058823529,0.058823529,0,0,0.015384615,0.138461538,0.092307692,0,0,0.061538462,0.015384615,0.523076923,0.015384615,0,0.092307692,0,0.015384615,0.030769231,0.092307692,0.061538462,0.138461538,0,0,0.292307692,0.230769231,0.138461538,0.092307692,0,0.046153846,0.076923077,0,0,0,0,0,0.061538462,0,0.030769231,0,0,0,0,0.046153846,0,0.046153846,0,2
subjects_263,0.010204082,0.010204082,0.010204082,0.102040816,0.112244898,0.255102041,0.071428571,0.112244898,0,0.020408163,0.040816327,0.010204082,0,0,0,0.051020408,0,0,0,0,0,0,0.12244898,0,0.020408163,0.020408163,0,0.010204082,0,0,0,0,0,0,0,0,0.19047619,0.142857143,0.047619048,0.047619048,0.095238095,0.142857143,0,0.142857143,0.095238095,0,0.047619048,0.047619048,0,0,0.010204082,0.010204082,0.081632653,0,0,0.12244898,0.010204082,0.612244898,0.010204082,0,0.112244898,0,0.010204082,0.020408163,0.12244898,0.06122449,0.102040816,0,0,0.346938776,0.234693878,0.010204082,0.112244898,0,0.030612245,0.030612245,0,0.030612245,0,0,0,0.12244898,0,0.020408163,0,0,0,0,0.030612245,0,0.030612245,0,2
subjects_267,0.020833333,0.020833333,0.020833333,0.041666667,0.145833333,0.208333333,0.0625,0.020833333,0,0.041666667,0.020833333,0.125,0,0,0,0.041666667,0.020833333,0.020833333,0,0,0,0,0.0625,0,0.041666667,0.020833333,0,0.020833333,0,0,0,0,0,0,0,0,0.0625,0.25,0.0625,0.0625,0.0625,0.0625,0,0.25,0.0625,0,0.0625,0.0625,0,0,0.020833333,0.125,0.104166667,0,0,0.083333333,0.020833333,0.541666667,0.020833333,0,0.020833333,0,0.020833333,0.041666667,0.145833333,0.0625,0.229166667,0,0,0.1875,0.25,0.125,0.020833333,0,0.0625,0.020833333,0.020833333,0.104166667,0,0,0,0.0625,0,0.041666667,0,0,0,0,0.0625,0,0.0625,0,2
subjects_272,0.011627907,0.011627907,0.011627907,0.046511628,0.162790698,0.26744186,0.139534884,0.139534884,0,0.023255814,0,0.034883721,0.011627907,0.011627907,0,0.046511628,0,0,0.011627907,0,0,0,0,0,0,0,0,0.011627907,0,0,0,0.023255814,0,0.011627907,0,0,0.058823529,0.117647059,0.058823529,0.058823529,0.176470588,0.176470588,0,0.117647059,0,0.117647059,0.058823529,0.058823529,0,0,0.011627907,0.058139535,0.023255814,0,0,0,0.011627907,0.686046512,0.011627907,0,0.139534884,0.023255814,0.011627907,0.023255814,0.093023256,0.011627907,0.127906977,0.011627907,0.011627907,0.313953488,0.279069767,0.034883721,0.139534884,0,0.034883721,0.034883721,0,0.093023256,0,0.011627907,0,0,0,0.011627907,0,0,0,0.011627907,0.034883721,0,0.034883721,0,2
subjects_273,0.013333333,0.013333333,0.013333333,0.013333333,0.133333333,0.293333333,0.146666667,0.186666667,0,0,0.026666667,0.026666667,0,0,0,0,0.013333333,0,0,0,0,0.026666667,0,0,0.013333333,0.013333333,0,0.013333333,0,0,0.013333333,0.013333333,0,0,0,0,0.045454545,0.272727273,0.045454545,0.090909091,0.181818182,0.227272727,0,0,0,0,0.045454545,0.045454545,0.045454545,0,0.013333333,0.053333333,0.093333333,0,0,0,0.013333333,0.586666667,0.013333333,0,0.186666667,0,0.013333333,0.026666667,0.08,0.08,0.16,0,0,0.293333333,0.28,0.026666667,0.186666667,0,0.066666667,0.066666667,0,0.013333333,0,0.026666667,0,0,0,0.013333333,0,0,0,0,0.04,0,0.04,0,2
subjects_277,0.010989011,0.010989011,0.010989011,0.021978022,0.142857143,0.263736264,0.076923077,0.131868132,0,0.021978022,0.021978022,0.032967033,0,0,0,0.010989011,0.043956044,0,0.065934066,0,0,0,0.043956044,0,0,0,0,0.010989011,0.021978022,0,0,0,0,0.010989011,0,0,0.03030303,0.212121212,0.03030303,0.03030303,0.242424242,0.242424242,0,0.090909091,0,0.060606061,0.03030303,0.03030303,0,0,0.010989011,0.032967033,0.142857143,0,0,0.043956044,0.010989011,0.538461538,0.054945055,0,0.131868132,0,0.010989011,0.021978022,0.065934066,0.131868132,0.241758242,0,0,0.307692308,0.230769231,0.032967033,0.131868132,0,0.032967033,0.087912088,0,0,0,0,0,0.043956044,0,0.010989011,0,0,0,0,0.032967033,0.021978022,0.054945055,0,2
subjects_282,0.009708738,0.009708738,0.009708738,0.029126214,0.174757282,0.233009709,0.106796117,0.116504854,0.009708738,0,0.029126214,0.048543689,0.048543689,0.019417476,0,0.009708738,0,0,0.038834951,0,0,0,0.019417476,0.009708738,0.009708738,0.009708738,0,0.009708738,0,0,0,0,0,0.029126214,0,0,0.133333333,0.266666667,0.033333333,0.033333333,0.033333333,0.233333333,0,0.033333333,0.1,0.066666667,0.033333333,0.033333333,0,0,0.009708738,0.048543689,0.116504854,0,0.009708738,0.019417476,0.009708738,0.553398058,0.009708738,0,0.126213592,0.067961165,0.009708738,0.019417476,0.13592233,0.077669903,0.13592233,0.048543689,0.019417476,0.242718447,0.281553398,0.048543689,0.116504854,0.009708738,0.029126214,0.067961165,0,0.029126214,0,0,0,0.019417476,0,0.038834951,0,0.009708738,0,0,0.029126214,0,0.029126214,0,2
subjects_283,0.013157895,0.013157895,0.013157895,0.052631579,0.184210526,0.263157895,0.078947368,0.039473684,0,0,0.078947368,0.065789474,0,0.026315789,0,0.013157895,0.026315789,0,0,0,0,0,0.026315789,0,0.013157895,0.013157895,0.013157895,0.013157895,0,0.013157895,0,0,0,0,0,0,0.032258065,0.258064516,0.032258065,0.064516129,0.258064516,0.225806452,0,0.032258065,0,0,0.032258065,0.032258065,0.032258065,0,0.013157895,0.078947368,0.131578947,0,0,0.026315789,0.013157895,0.592105263,0.039473684,0,0.039473684,0.026315789,0.013157895,0.026315789,0.078947368,0.118421053,0.25,0,0.026315789,0.289473684,0.263157895,0.078947368,0.039473684,0,0.065789474,0.092105263,0,0.039473684,0,0,0,0.026315789,0,0.013157895,0,0,0,0,0.039473684,0.013157895,0.052631579,0,2
subjects_284,0.012048193,0.012048193,0.012048193,0.036144578,0.168674699,0.096385542,0.084337349,0.084337349,0.072289157,0,0.072289157,0,0,0.012048193,0,0.024096386,0.024096386,0,0.120481928,0,0,0,0.024096386,0,0.024096386,0.012048193,0,0.012048193,0,0,0.012048193,0,0,0.060240964,0,0,0.041666667,0.25,0.041666667,0.041666667,0.083333333,0.208333333,0,0.166666667,0,0.083333333,0.041666667,0.041666667,0,0,0.012048193,0.012048193,0.313253012,0,0,0.024096386,0.012048193,0.409638554,0.012048193,0,0.156626506,0.012048193,0.012048193,0.024096386,0.120481928,0.228915663,0.192771084,0,0.012048193,0.13253012,0.277108434,0,0.084337349,0.072289157,0.036144578,0.060240964,0,0,0,0.012048193,0,0.024096386,0,0.084337349,0,0,0,0,0.048192771,0,0.036144578,0,2
subjects_285,0.015873016,0.015873016,0.015873016,0,0.126984127,0.301587302,0.206349206,0.063492063,0,0.047619048,0,0.063492063,0,0,0,0.015873016,0,0,0,0,0,0,0,0.015873016,0.031746032,0.031746032,0,0.015873016,0,0,0,0,0,0,0,0,0.125,0.0625,0.0625,0.0625,0.1875,0.25,0,0.0625,0.0625,0,0.0625,0.0625,0,0,0.015873016,0.063492063,0.063492063,0,0.015873016,0,0.015873016,0.698412698,0.015873016,0,0.063492063,0,0.015873016,0.031746032,0.126984127,0.031746032,0.111111111,0,0,0.317460317,0.333333333,0.063492063,0.063492063,0,0.047619048,0.063492063,0,0.047619048,0,0,0,0,0,0.031746032,0,0.015873016,0,0,0.047619048,0,0.047619048,0,2
subjects_286,0.010638298,0.010638298,0.010638298,0.042553191,0.14893617,0.159574468,0.085106383,0.042553191,0,0.031914894,0.031914894,0.053191489,0,0,0,0.021276596,0.053191489,0,0,0,0.010638298,0,0.063829787,0.031914894,0.031914894,0.031914894,0,0.010638298,0.042553191,0,0,0.010638298,0,0,0,0,0.047619048,0.238095238,0.047619048,0.047619048,0.238095238,0.142857143,0,0.142857143,0,0,0.047619048,0.047619048,0,0,0.010638298,0.074468085,0.14893617,0,0.031914894,0.063829787,0.010638298,0.489361702,0.095744681,0,0.042553191,0,0.010638298,0.021276596,0.063829787,0.117021277,0.159574468,0,0,0.223404255,0.244680851,0.053191489,0.042553191,0,0.031914894,0.031914894,0,0.021276596,0,0.021276596,0,0.063829787,0,0.031914894,0,0.031914894,0,0,0.031914894,0.042553191,0.074468085,0,2
subjects_292,0.02173913,0.02173913,0.02173913,0,0.173913043,0.326086957,0.173913043,0.065217391,0,0,0,0.065217391,0,0,0.02173913,0,0,0,0,0,0,0,0.02173913,0.02173913,0,0,0,0.02173913,0,0,0,0,0,0,0,0,0.05,0.25,0.05,0.15,0,0.2,0,0.05,0,0.05,0.05,0.05,0.1,0,0.02173913,0.065217391,0.02173913,0,0.02173913,0.02173913,0.02173913,0.673913043,0.02173913,0,0.065217391,0,0.02173913,0.043478261,0.130434783,0.02173913,0.195652174,0,0,0.326086957,0.347826087,0.065217391,0.065217391,0,0.152173913,0.086956522,0,0,0,0,0,0.02173913,0,0,0,0.02173913,0,0,0.065217391,0,0.065217391,0,2
subjects_293,0.083333333,0.083333333,0.083333333,0,0,0.25,0,0,0,0,0,0.083333333,0,0,0,0,0,0,0,0,0,0,0.083333333,0,0,0,0,0.083333333,0,0,0,0.083333333,0,0,0,0,0.0625,0.3125,0.0625,0.125,0.0625,0.0625,0,0.125,0,0,0.0625,0.0625,0.0625,0,0.083333333,0.166666667,0,0,0,0.083333333,0.083333333,0.25,0.083333333,0,0,0,0.083333333,0.166666667,0.5,0,0.833333333,0,0,0,0,0.083333333,0,0,0.416666667,0.083333333,0,0.25,0,0.083333333,0,0.083333333,0,0,0,0,0,0,0.25,0,0.25,0,2
subjects_294,0.010416667,0.010416667,0.010416667,0.041666667,0.145833333,0.197916667,0.052083333,0.125,0,0.083333333,0.041666667,0.03125,0.010416667,0.010416667,0,0,0.010416667,0,0.020833333,0,0,0,0.052083333,0,0.03125,0.041666667,0,0.010416667,0,0.010416667,0,0,0,0.020833333,0,0,0.043478261,0.260869565,0.043478261,0.043478261,0.130434783,0.260869565,0,0.130434783,0,0,0.043478261,0.043478261,0,0,0.010416667,0.03125,0.166666667,0,0,0.052083333,0.010416667,0.520833333,0.03125,0,0.125,0.020833333,0.010416667,0.020833333,0.0625,0.114583333,0.145833333,0.010416667,0.010416667,0.322916667,0.197916667,0.03125,0.125,0,0.03125,0.0625,0,0,0,0,0,0.052083333,0,0.052083333,0,0,0,0,0.03125,0.010416667,0.041666667,0,2
subjects_297,0.011363636,0.011363636,0.011363636,0.034090909,0.181818182,0.227272727,0.181818182,0.056818182,0,0.056818182,0.034090909,0.034090909,0,0,0,0.068181818,0,0.011363636,0,0,0,0,0,0,0.022727273,0.022727273,0,0.011363636,0,0,0,0,0,0,0,0,0.04,0.04,0.04,0.04,0.32,0.2,0,0.24,0,0,0.04,0.04,0,0,0.011363636,0.034090909,0.079545455,0,0,0.011363636,0.011363636,0.75,0.011363636,0,0.056818182,0,0.011363636,0.022727273,0.068181818,0.056818182,0.193181818,0,0,0.306818182,0.409090909,0.034090909,0.056818182,0,0.034090909,0.056818182,0.011363636,0.034090909,0,0,0,0,0,0.022727273,0,0,0,0,0.034090909,0,0.034090909,0,2
subjects_299,0.019230769,0.019230769,0.019230769,0.076923077,0.096153846,0.173076923,0.153846154,0.038461538,0.019230769,0.038461538,0.038461538,0.057692308,0,0,0,0,0.019230769,0.019230769,0.019230769,0,0,0,0,0,0.057692308,0.057692308,0,0.019230769,0,0,0,0,0,0.019230769,0,0,0.083333333,0.166666667,0.083333333,0.083333333,0.166666667,0.166666667,0,0.083333333,0,0,0.083333333,0.083333333,0,0,0.019230769,0.057692308,0.211538462,0,0,0.019230769,0.019230769,0.538461538,0.019230769,0,0.057692308,0,0.019230769,0.038461538,0.115384615,0.134615385,0.134615385,0,0,0.25,0.25,0.057692308,0.038461538,0.019230769,0.057692308,0.038461538,0.019230769,0.038461538,0,0,0,0,0,0.076923077,0,0,0,0,0.057692308,0,0.057692308,0,2
subjects_304,0.01754386,0.01754386,0.01754386,0.070175439,0.192982456,0.192982456,0.035087719,0.122807018,0,0.01754386,0.035087719,0.087719298,0,0,0,0.01754386,0.01754386,0.035087719,0,0,0,0.01754386,0.01754386,0,0.01754386,0.01754386,0,0.01754386,0,0,0,0,0,0,0,0,0.047619048,0.19047619,0.047619048,0.095238095,0.142857143,0.095238095,0,0.19047619,0,0.047619048,0.047619048,0.047619048,0.047619048,0,0.01754386,0.087719298,0.105263158,0,0,0.052631579,0.01754386,0.526315789,0.01754386,0,0.122807018,0,0.01754386,0.035087719,0.105263158,0.087719298,0.245614035,0,0,0.280701754,0.210526316,0.087719298,0.122807018,0,0.087719298,0.035087719,0.035087719,0.035087719,0,0,0,0.01754386,0,0.01754386,0,0,0,0,0.052631579,0,0.052631579,0,3
subjects_306,0.015151515,0.015151515,0.015151515,0.015151515,0.090909091,0.242424242,0.151515152,0.075757576,0,0.015151515,0.060606061,0.075757576,0.015151515,0,0,0.03030303,0.075757576,0.015151515,0,0,0,0,0.045454545,0,0,0,0,0.015151515,0,0,0,0,0,0,0,0,0.166666667,0.166666667,0.166666667,0.166666667,0,0,0,0,0,0,0,0.166666667,0,0,0.015151515,0.075757576,0.136363636,0,0,0.060606061,0.015151515,0.545454545,0.015151515,0,0.075757576,0.015151515,0.015151515,0.03030303,0.090909091,0.136363636,0.045454545,0.015151515,0,0.272727273,0.242424242,0.075757576,0.075757576,0,0.045454545,0,0.015151515,0.03030303,0,0,0,0.045454545,0,0,0,0,0,0,0.045454545,0,0.045454545,0,2
subjects_307,0.018181818,0.018181818,0.018181818,0.090909091,0.072727273,0.018181818,0.054545455,0.054545455,0.036363636,0.036363636,0.054545455,0.090909091,0,0,0,0.018181818,0.163636364,0.036363636,0,0,0.018181818,0,0.072727273,0,0.036363636,0.036363636,0,0.018181818,0,0,0,0,0,0,0,0,0.24,0.2,0.04,0.04,0.04,0.04,0,0.08,0.2,0.04,0.04,0.04,0,0,0.018181818,0.109090909,0.290909091,0,0,0.109090909,0.018181818,0.290909091,0.018181818,0,0.090909091,0,0.018181818,0.036363636,0.290909091,0.254545455,0.2,0,0,0.109090909,0.109090909,0.090909091,0.054545455,0.036363636,0.054545455,0.018181818,0.036363636,0.072727273,0,0.018181818,0,0.072727273,0,0.036363636,0,0,0,0,0.054545455,0,0.054545455,0,3
subjects_309,0.011764706,0.011764706,0.011764706,0.023529412,0.058823529,0.223529412,0.164705882,0.105882353,0.047058824,0.082352941,0.023529412,0.058823529,0,0,0.011764706,0,0,0.011764706,0,0,0,0,0,0,0.035294118,0.023529412,0,0.011764706,0.011764706,0,0.035294118,0,0,0,0,0,0.068965517,0.206896552,0.034482759,0.034482759,0.24137931,0.137931034,0,0.068965517,0.034482759,0.103448276,0.034482759,0.034482759,0,0,0.011764706,0.094117647,0.094117647,0,0,0.011764706,0.011764706,0.552941176,0.035294118,0,0.152941176,0,0.011764706,0.023529412,0.094117647,0.058823529,0.235294118,0,0,0.317647059,0.223529412,0.058823529,0.105882353,0.047058824,0.035294118,0.047058824,0.011764706,0.011764706,0,0.035294118,0,0,0,0.035294118,0,0,0,0,0.035294118,0.011764706,0.047058824,0,2
